Term_Id	Term	Gloss	Domain	Refs
Ἀαρών	Ἀαρών	Aaron	person	LUK 1:5!44
Ἀβιά-2	Ἀβιά	Abijah	person	LUK 1:5!30
Ἀβιληνή	Ἀβιληνή	Abilene	area	LUK 3:1!66
Ἀβραάμ	Ἀβραάμ	Abraham	person	LUK 1:55!16; LUK 1:73!10; LUK 3:8!32; LUK 3:8!62; LUK 3:34!12; LUK 13:16!8; LUK 13:28!24; LUK 16:22!30; LUK 16:23!26; LUK 16:24!12; LUK 16:25!6; LUK 16:29!6; LUK 16:30!12; LUK 19:9!36; LUK 20:37!34
ἀγαθοποιέω	ἀγαθοποιέω	do good; perform good deeds	morals and ethics	LUK 6:9!26; LUK 6:33!8; LUK 6:33!12; LUK 6:35!14
ἀγαθός	ἀγαθός	good; goodness; good act	morals and ethics	LUK 6:45!4; LUK 6:45!12; LUK 6:45!24; LUK 10:42!16; LUK 18:18!16; LUK 18:19!18; LUK 18:19!22; LUK 19:17!10; LUK 23:50!20
ἀγαπάω	ἀγαπάω	to love	affection	LUK 6:27!12; LUK 6:32!6; LUK 6:32!10; LUK 6:32!32; LUK 6:32!36; LUK 6:35!4; LUK 7:5!2; LUK 7:42!22; LUK 7:47!24; LUK 7:47!38; LUK 10:27!10; LUK 11:43!12; LUK 16:13!30
ἀγαπητός	ἀγαπητός	beloved; dear	affection	LUK 3:22!48; LUK 20:13!28
ἀγάπη-1	ἀγάπη	love	affection	LUK 11:42!44
ἁγιάζω-3	ἁγιάζω	hallow, regard as holy	clean, pure, holy	LUK 11:2!16
Ἀδάμ	Ἀδάμ	Adam	person	LUK 3:38!12
Ἀδδί	Ἀδδί	Addi	person	LUK 3:28!8
ἀδελφή	ἀδελφή	sister (in Christ)	people; kinship; affection	LUK 10:39!8; LUK 10:40!34; LUK 14:26!52
ἀδελφός	ἀδελφός	brother (in Christ)	people; kinship; affection	LUK 8:21!20; LUK 22:32!36
ἀδικέω	ἀδικέω	act unjustly; do what is wrong; mistreat	morals and ethics	LUK 10:19!48
ἀδικία	ἀδικία	unjust deed; unrighteousness; doing what is unjust	morals and ethics	LUK 13:27!30; LUK 16:8!16; LUK 16:9!24; LUK 18:6!20
Ἀδμίν	Ἀδμίν	Admin	person	LUK 3:33!8
ἀετός	ἀετός	eagle; vulture	birds	LUK 17:37!34
αἰών	αἰών	universe; age; era	universe	LUK 16:8!32; LUK 18:30!26; LUK 20:34!18; LUK 20:35!10
αἰώνιος	αἰώνιος	eternal	time	LUK 10:25!26; LUK 16:9!40; LUK 18:18!24; LUK 18:30!34
αἷμα	αἷμα	blood; murder; death	life and death; body; parts	LUK 8:43!12; LUK 8:44!30; LUK 11:50!8; LUK 11:51!4; LUK 11:51!10; LUK 13:1!30; LUK 22:20!34
ἀκάθαρτος	ἀκάθαρτος	unclean; impure	clean, pure, holy	LUK 4:33!20
ἀλάβαστρος	ἀλάβαστρος	alabaster jar	artifacts	LUK 7:37!40
ἀλείφω	ἀλείφω	anoint	anoint; perfumes and spices	LUK 7:38!58; LUK 7:46!12; LUK 7:46!20
ἀλέκτωρ	ἀλέκτωρ	rooster; cock	birds; domestic animals	LUK 22:34!20; LUK 22:60!32; LUK 22:61!42
ἀληθινός	ἀληθινός	true; real	truth	LUK 16:11!22
ἀληθῶς	ἀληθῶς	truly; genuine	truth	LUK 9:27!8; LUK 12:44!2; LUK 21:3!6
ἀλήθεια	ἀλήθεια	truth; truthfulness	truth	LUK 4:25!4; LUK 20:21!36; LUK 22:59!22
Ἁλφαῖος-1	Ἁλφαῖος	Alphaeus	person	LUK 6:15!14
ἀλώπηξ	ἀλώπηξ	fox, jackal	mammals	LUK 9:58!14; LUK 13:32!14
ἁμαρτάνω	ἁμαρτάνω	sin, do wrong	morals and ethics	LUK 15:18!22; LUK 15:21!14; LUK 17:3!8; LUK 17:4!12
ἁμαρτία	ἁμαρτία	sin, wrongdoing	morals and ethics	LUK 1:77!20; LUK 3:3!28; LUK 5:20!22; LUK 5:21!36; LUK 5:23!16; LUK 5:24!30; LUK 7:47!14; LUK 7:48!14; LUK 7:49!26; LUK 11:4!10; LUK 24:47!20
ἁμαρτωλός	ἁμαρτωλός	sinful; sinner	people; behavior; morals and ethics	LUK 5:8!30; LUK 5:30!40; LUK 5:32!12; LUK 6:32!28; LUK 6:33!28; LUK 6:34!26; LUK 6:34!28; LUK 7:34!38; LUK 7:37!18; LUK 7:39!54; LUK 13:2!20; LUK 15:1!20; LUK 15:2!24; LUK 15:7!24; LUK 15:10!26; LUK 18:13!52; LUK 19:7!16; LUK 24:7!24
ἀμήν	ἀμήν	truly, indeed; amen	truth	LUK 4:24!6; LUK 12:37!22; LUK 18:17!2; LUK 18:29!10; LUK 21:32!2; LUK 23:43!8
Ἀμιναδάβ	Ἀμιναδάβ	Amminadab	person	LUK 3:33!4
ἀμπελών	ἀμπελών	vineyard; orchard of grapevines	fruits	LUK 13:6!24; LUK 20:9!26; LUK 20:10!26; LUK 20:13!12; LUK 20:15!12; LUK 20:15!30; LUK 20:16!20
Ἀμώς	Ἀμώς	Amos	person	LUK 3:25!8
ἀνακρίνω	ἀνακρίνω	examine, question, discern, judge; be discerned (pass.)	intellect	LUK 23:14!36
ἀνάγαιον	ἀνάγαιον	upstairs room	constructions	LUK 22:12!8
ἀνάστασις	ἀνάστασις	resurrection	life and death	LUK 2:34!36; LUK 14:14!28; LUK 20:27!16; LUK 20:33!12; LUK 20:35!20; LUK 20:36!28
Ἀνδρέας	Ἀνδρέας	Andrew	person	LUK 6:14!14
ἀξίνη	ἀξίνη	axe	artifacts	LUK 3:9!10
ἀπ᾽ αἰῶνος, (ἀπὸ) τῶν αἰώνων, ἐκ τοῦ αἰῶνος	ἀπ᾽ αἰῶνος, (ἀπὸ) τῶν αἰώνων, ἐκ τοῦ αἰῶνος	since all time; from all ages past; from the beginning of time	time	LUK 1:70!16
ἀπαλλάσσω	ἀπαλλάσσω	set free; release; settle with	atone, forgive	LUK 12:58!30
ἀπιστέω	ἀπιστέω	disbelieve; be unfaithful	faith	LUK 24:11!22; LUK 24:41!6
ἀπογραφή	ἀπογραφή	census	census	LUK 2:2!4
ἀπογράφω	ἀπογράφω	register, put on a census list	census	LUK 2:1!24; LUK 2:3!8; LUK 2:5!2
ἀποδοκιμάζω	ἀποδοκιμάζω	reject	truth	LUK 9:22!22; LUK 17:25!16; LUK 20:17!28
ἀποθήκη	ἀποθήκη	barn; storehouse	constructions	LUK 3:17!36; LUK 12:18!16; LUK 12:24!28
ἀπολύτρωσις	ἀπολύτρωσις	liberation, deliverance, redemption	help, protect, save	LUK 21:28!28
ἀπολύω	ἀπολύω	forgive, pardon	atone, forgive	LUK 6:37!30; LUK 6:37!34
ἀπόστολος	ἀπόστολος	messenger; apostle	people; communication	LUK 6:13!32; LUK 9:10!8; LUK 11:49!28; LUK 17:5!8; LUK 22:14!18; LUK 24:10!40
ἀρήν	ἀρήν	lamb	mammals	LUK 10:3!12
Ἁριμαθαία	Ἁριμαθαία	Arimathea	settlement	LUK 23:51!24
Ἀρνί	Ἀρνί	Arni	person	LUK 3:33!12
Ἀρφαξάδ	Ἀρφαξάδ	Arphaxad	person	LUK 3:36!8
ἀρχή	ἀρχή	ruler	people; authority	LUK 12:11!20; LUK 20:20!34
ἀρχιερεύς	ἀρχιερεύς	chief priest; high priest	people; occupations; priesthood; authority	LUK 3:2!4; LUK 9:22!32; LUK 19:47!24; LUK 20:1!36; LUK 20:19!14; LUK 22:2!8; LUK 22:4!10; LUK 22:50!16; LUK 22:52!18; LUK 22:54!22; LUK 22:66!20; LUK 23:4!14; LUK 23:10!8; LUK 23:13!10; LUK 24:20!12
ἀρχισυναγωγος	ἀρχισυναγωγος	leader of a synagogue	authority; people; religious activities	LUK 8:49!16; LUK 13:14!8
ἀρχιτελώνης	ἀρχιτελώνης	chief tax collector	people; occupations; authority; tax	LUK 19:2!20
Ἀσήρ	Ἀσήρ	Asher	person	LUK 2:36!18
ἀσκός	ἀσκός	wineskin	artifacts	LUK 5:37!14; LUK 5:37!38; LUK 5:37!50; LUK 5:38!10
ἀσσάριον	ἀσσάριον	assarion; penny	artifacts	LUK 12:6!10
ἀσφάλεια	ἀσφάλεια	certainty; being without doubt	truth	LUK 1:4!16
Αὐγοῦστος	Αὐγοῦστος	Augustus	titles	LUK 2:1!22
αὐλέω	αὐλέω	play a flute	artifacts	LUK 7:32!26
αὐλή-2	αὐλή	courtyard; or dwelling, palace, mansion	constructions	LUK 11:21!16; LUK 22:55!14
ἀφίημι	ἀφίημι	forgive; forgive a debt	atone, forgive	LUK 5:20!16; LUK 5:21!38; LUK 5:23!10; LUK 5:24!28; LUK 7:47!10; LUK 7:47!34; LUK 7:48!8; LUK 7:49!28; LUK 11:4!4; LUK 11:4!20; LUK 12:10!22; LUK 12:10!42; LUK 17:3!26; LUK 17:4!32; LUK 23:34!12
Ἅβελ	Ἅβελ	Abel	person	LUK 11:51!6
ἄβυσσος	ἄβυσσος	abyss; abode of evil spirits; very deep place	universe	LUK 8:31!20
ἄγγελος	ἄγγελος	angel	supernatural beings and powers	LUK 1:11!8; LUK 1:13!12; LUK 1:18!12; LUK 1:19!8; LUK 1:26!18; LUK 1:30!8; LUK 1:34!12; LUK 1:35!8; LUK 1:38!38; LUK 2:9!4; LUK 2:10!10; LUK 2:13!12; LUK 2:15!22; LUK 2:21!38; LUK 4:10!10; LUK 9:26!56; LUK 12:8!46; LUK 12:9!22; LUK 15:10!16; LUK 16:22!22; LUK 24:23!22
ἅγιος-1	ἅγιος	holy; pure; divine	clean, pure, holy	LUK 1:35!42; LUK 1:49!16; LUK 1:70!12; LUK 1:72!20; LUK 2:23!22; LUK 2:26!18; LUK 4:34!32; LUK 9:26!54
ἄδικος	ἄδικος	unbeliever; not a follower of Christ	people; association; morals and ethics	LUK 16:10!28; LUK 16:10!36; LUK 16:11!10; LUK 18:11!42
ἄκανθα	ἄκανθα	thorn plant; thistle; brier	weeds and thorns; trouble, hardship	LUK 6:44!24; LUK 8:7!14; LUK 8:7!22; LUK 8:14!10
ἅλυσις	ἅλυσις	chain	artifacts	LUK 8:29!36
ἅλων	ἅλων	threshing floor	constructions	LUK 3:17!20
ἄμεμπτος	ἄμεμπτος	faultless, blameless, innocent	morals and ethics	LUK 1:6!34
ἄμπελος	ἄμπελος	grapevine	fruits	LUK 22:18!30
Ἅννας	Ἅννας	Annas	person	LUK 3:2!6
Ἅννα	Ἅννα	Anna	person	LUK 2:36!6
ἄνομος-1	ἄνομος	lawless	morals and ethics; behavior	LUK 22:37!30
ἄπιστος	ἄπιστος	faithless; unbelieving	faith	LUK 9:41!16; LUK 12:46!54
ἄροτρον	ἄροτρον	plow	artifacts	LUK 9:62!24
ἄρχων-1	ἄρχων	ruler; leader; authority	people; authority	LUK 8:41!20; LUK 11:15!18; LUK 14:1!22; LUK 18:18!10; LUK 23:13!16; LUK 23:35!20; LUK 24:20!18
ἄρχων-2	ἄρχων	official; judge; magistrate	people; authority; court; law	LUK 12:58!18
ἄρωμα	ἄρωμα	aromatic salves; perfumed ointment	artifacts; perfumes and spices	LUK 23:56!8; LUK 24:1!30
ἄφεσις	ἄφεσις	forgiveness	atone, forgive	LUK 1:77!18; LUK 3:3!26; LUK 24:47!18
ἄχυρον	ἄχυρον	chaff	parts	LUK 3:17!44
ᾅδης	ᾅδης	world of the dead; Hades	universe	LUK 10:15!20; LUK 16:23!8
βαλλάντιον	βαλλάντιον	purse; money bag	artifacts	LUK 10:4!6; LUK 12:33!20; LUK 22:35!16; LUK 22:36!16
βαπτιστής	βαπτιστής	Baptist	rituals; people; titles	LUK 7:20!20; LUK 7:33!10; LUK 9:19!14
βαπτίζω	βαπτίζω	baptize	rituals	LUK 3:7!12; LUK 3:12!10; LUK 3:16!18; LUK 3:16!56; LUK 3:21!10; LUK 3:21!22; LUK 7:29!24; LUK 7:30!30; LUK 12:50!8
Βαραββᾶς	Βαραββᾶς	Barabbas	person	LUK 23:18!22
Βαρθολομαῖος	Βαρθολομαῖος	Bartholomew	person	LUK 6:14!36
βασιλεία	βασιλεία	kingdom; rule, reign	authority	LUK 1:33!24; LUK 4:5!16; LUK 4:43!30; LUK 6:20!38; LUK 7:28!30; LUK 8:1!34; LUK 8:10!20; LUK 9:2!12; LUK 9:11!28; LUK 9:27!38; LUK 9:60!32; LUK 9:62!42; LUK 10:9!28; LUK 10:11!44; LUK 11:2!28; LUK 11:17!20; LUK 11:18!24; LUK 11:20!30; LUK 12:31!8; LUK 12:32!28; LUK 13:18!14; LUK 13:20!14; LUK 13:28!46; LUK 13:29!32; LUK 14:15!30; LUK 16:16!22; LUK 17:20!18; LUK 17:20!38; LUK 17:21!20; LUK 18:16!44; LUK 18:17!18; LUK 18:24!34; LUK 18:25!26; LUK 18:29!48; LUK 19:11!42; LUK 19:12!24; LUK 19:15!18; LUK 21:10!18; LUK 21:10!22; LUK 21:31!26; LUK 22:16!28; LUK 22:18!38; LUK 22:29!20; LUK 22:30!22; LUK 23:42!20; LUK 23:51!38
βασιλεύς	βασιλεύς	king	people; authority	LUK 1:5!12; LUK 10:24!16; LUK 14:31!6; LUK 14:31!12; LUK 19:38!12; LUK 21:12!42; LUK 22:25!12; LUK 23:2!42; LUK 23:3!20; LUK 23:37!14; LUK 23:38!16
βασίλειον	βασίλειον	palace	constructions	LUK 7:25!40
βασίλισσα	βασίλισσα	queen	people; authority	LUK 11:31!2
βάπτισμα	βάπτισμα	baptism	rituals	LUK 3:3!20; LUK 7:29!28; LUK 12:50!2; LUK 20:4!4
βάτος	βάτος	thorn bush; bush	weeds and thorns	LUK 6:44!34; LUK 20:37!22
βδέλυγμα	βδέλυγμα	abomination	morals and ethics; clean, pure, holy	LUK 16:15!48
Βεελζεβούλ	Βεελζεβούλ	Beelzebul	supernatural beings and powers	LUK 11:15!14; LUK 11:18!34; LUK 11:19!10
βελόνη	βελόνη	needle	artifacts; tools	LUK 18:25!14
Βηθανία-2	Βηθανία	Bethany	settlement	LUK 19:29!16; LUK 24:50!14
Βηθλέεμ	Βηθλέεμ	Bethlehem	settlement	LUK 2:4!38; LUK 2:15!40
Βηθσαϊδά	Βηθσαϊδά	Bethsaida	settlement	LUK 9:10!36; LUK 10:13!12
Βηθφαγή	Βηθφαγή	Bethphage	settlement	LUK 19:29!12
βιβλίον	βιβλίον	scroll; roll; book	artifacts	LUK 4:17!8; LUK 4:17!22; LUK 4:20!8
βιωτικός	βιωτικός	(things of) of this life	life and death	LUK 21:34!30
βίβλος	βίβλος	scroll; roll; book	artifacts	LUK 3:4!8; LUK 20:42!12
βίος-1	βίος	property; means	possession	LUK 15:12!42; LUK 15:30!22; LUK 21:4!40
βίος-2	βίος	daily life	behavior	LUK 8:14!38
βίος-3	βίος	life, existence	life and death	LUK 8:43!30
βλασφημέω	βλασφημέω	blaspheme; revile; defame	blessing and curse; communication	LUK 12:10!38; LUK 22:65!8; LUK 23:39!12
βλασφημία	βλασφημία	slander; blasphemy	blessing and curse; communication	LUK 5:21!30
βοῦς	βοῦς	bull; ox; cow; cattle	mammals	LUK 13:15!32; LUK 14:5!18; LUK 14:19!10
Βόες	Βόες	Boaz	person	LUK 3:32!12
βύσσος	βύσσος	fine linen	artifacts; cloth	LUK 16:19!20
Γαβριήλ	Γαβριήλ	Gabriel	supernatural beings and powers	LUK 1:19!18; LUK 1:26!20
γαζοφυλάκιον-1	γαζοφυλάκιον	offering box	artifacts	LUK 21:1!16
Γαλιλαία-1	Γαλιλαία	Galilee	area	LUK 1:26!34; LUK 2:4!14; LUK 2:39!26; LUK 3:1!34; LUK 4:14!24; LUK 4:31!14; LUK 5:17!48; LUK 8:26!24; LUK 17:11!30; LUK 23:5!36; LUK 23:49!32; LUK 23:55!20; LUK 24:6!28
Γαλιλαῖος	Γαλιλαῖος	Galilean	group	LUK 13:1!24; LUK 13:2!16; LUK 13:2!28; LUK 22:59!38; LUK 23:6!16
Γεννησαρέτ-2	Γεννησαρέτ	Gennesaret	nature	LUK 5:1!44
Γερασηνός	Γερασηνός	Gerasene	group	LUK 8:26!14; LUK 8:37!20
γέεννα	γέεννα	Gehenna, hell	universe	LUK 12:5!32
γῆ-1	γῆ	land; soil; ground; earth	universe; nature	LUK 2:14!14; LUK 5:24!26; LUK 10:21!42; LUK 11:31!44; LUK 12:49!12; LUK 12:51!16; LUK 12:56!10; LUK 16:17!16; LUK 18:8!44; LUK 21:23!38; LUK 21:25!26; LUK 21:33!10; LUK 21:35!26
γῆ-2	γῆ	land	nature	LUK 5:3!28; LUK 5:11!14; LUK 8:27!12
γῆ-3	γῆ	soil, ground	nature	LUK 6:49!28; LUK 8:8!12; LUK 8:15!12; LUK 13:7!54; LUK 14:35!6; LUK 22:44!36; LUK 24:5!22
γῆ-4	γῆ	region, territory, land	area	LUK 4:25!66; LUK 23:44!26
γραμματεύς-1	γραμματεύς	scholar, teacher; expert in the Law (traditionally: scribe)	people; communication; teaching; writing; religious activities	LUK 5:21!10; LUK 5:30!14; LUK 6:7!10; LUK 9:22!36; LUK 11:53!12; LUK 15:2!16; LUK 19:47!30; LUK 20:1!42; LUK 20:19!8; LUK 20:39!10; LUK 20:46!8; LUK 22:2!14; LUK 22:66!26; LUK 23:10!14
γραφή	γραφή	Scripture, Scripture passage	communication; writing	LUK 4:21!20; LUK 24:27!30; LUK 24:32!46; LUK 24:45!18
γράφω	γράφω	write	communication; writing	LUK 22:37!14
δαιμονίζομαι	δαιμονίζομαι	be demon possessed	supernatural beings and powers	LUK 8:36!18
δαιμόνιον	δαιμόνιον	demon, evil spirit	supernatural beings and powers	LUK 4:33!18; LUK 4:35!32; LUK 4:41!8; LUK 7:33!28; LUK 8:2!36; LUK 8:27!28; LUK 8:29!58; LUK 8:30!32; LUK 8:33!8; LUK 8:35!38; LUK 8:38!20; LUK 9:1!26; LUK 9:42!16; LUK 9:49!26; LUK 10:17!24; LUK 11:14!8; LUK 11:14!24; LUK 11:15!22; LUK 11:15!28; LUK 11:18!42; LUK 11:19!16; LUK 11:20!18; LUK 13:32!22
δακτύλιος	δακτύλιος	ring	artifacts	LUK 15:22!38
Δαυίδ	Δαυίδ	David	person	LUK 1:27!20; LUK 1:32!32; LUK 1:69!16; LUK 2:4!32; LUK 2:4!56; LUK 2:11!24; LUK 3:31!20; LUK 6:3!26; LUK 18:38!12; LUK 18:39!28; LUK 20:41!20; LUK 20:42!6; LUK 20:44!2
δεσμός	δεσμός	bonds; chains; fetters	artifacts	LUK 8:29!50; LUK 13:16!40
δέησις	δέησις	prayer; supplication; petition	communication	LUK 1:13!26; LUK 2:37!30; LUK 5:33!24
δένδρον	δένδρον	tree; bush	plants	LUK 3:9!20; LUK 3:9!28; LUK 6:43!8; LUK 6:43!22; LUK 6:44!6; LUK 13:19!34; LUK 21:29!22
δέομαι	δέομαι	ask, beg; pray	communication	LUK 10:2!26; LUK 21:36!12; LUK 22:32!6
δηνάριον	δηνάριον	denarius	money	LUK 7:41!18; LUK 10:35!16; LUK 20:24!6
διαθήκη	διαθήκη	covenant	covenant	LUK 1:72!18; LUK 22:20!28
διακαθαίρω	διακαθαίρω	clean out	clean, pure, holy	LUK 3:17!16
διακονέω	διακονέω	serve, care for, administer; one who serves, minister	authority	LUK 4:39!28; LUK 8:3!26; LUK 10:40!44; LUK 12:37!42; LUK 17:8!20; LUK 22:26!38; LUK 22:27!16; LUK 22:27!40
διακονία	διακονία	service; ministry; support	authority	LUK 10:40!14
διαμαρτύρομαι	διαμαρτύρομαι	declare, assert, charge under solemn oath; warn; insist	communication; truth	LUK 16:28!12
διασῳζω	διασῳζω	save; cure	help, protect, save; well-being; health	LUK 7:3!32
διαφυλάσσω	διαφυλάσσω	protect, keep safe	help, protect, save	LUK 4:10!22
διάβολος-1	διάβολος	devil	supernatural beings and powers	LUK 4:2!12; LUK 4:3!10; LUK 4:6!10; LUK 4:13!12; LUK 8:12!24
διάνοια	διάνοια	mind; understanding; thoughts	intellect; psychological faculties	LUK 1:51!16; LUK 10:27!62
δικαιοσύνη	δικαιοσύνη	doing what God requires, doing what is right; righteousness, justice; being put right with God	morals and ethics	LUK 1:75!8
δικαιόω-1	δικαιόω	put right with	morals and ethics	LUK 18:14!10
δικαιόω-2	δικαιόω	show to be right, prove to be right	morals and ethics	LUK 7:35!4; LUK 10:29!8; LUK 16:15!14
δικαιόω-4	δικαιόω	obey righteous commands	morals and ethics	LUK 7:29!18
δικαίωμα	δικαίωμα	regulations, just requirements, justification; righteous act	morals and ethics; law	LUK 1:6!28
δικαίως	δικαίως	justly; righteously	morals and ethics	LUK 23:41!8
δίκαιος	δίκαιος	just, righteous; being right with	morals and ethics	LUK 1:6!6; LUK 1:17!40; LUK 2:25!28; LUK 5:32!8; LUK 12:57!18; LUK 14:14!32; LUK 15:7!36; LUK 18:9!24; LUK 20:20!14; LUK 23:47!30; LUK 23:50!24
δίκτυον	δίκτυον	net; fishnet	tools; hunting and fishing	LUK 5:2!34; LUK 5:4!32; LUK 5:5!38; LUK 5:6!22
δοκιμάζω	δοκιμάζω	interpret, examine, test; judge to be genuine, approve	truth	LUK 12:56!20; LUK 14:19!20
δοκός	δοκός	beam	constructions	LUK 6:41!30; LUK 6:42!46; LUK 6:42!60
δοξάζω	δοξάζω	praise; glorify; honor	glory	LUK 2:20!10; LUK 4:15!16; LUK 5:25!30; LUK 5:26!12; LUK 7:16!12; LUK 13:13!20; LUK 17:15!24; LUK 18:43!14; LUK 23:47!14
δουλεύω	δουλεύω	serve; be enslaved	authority; control; serve	LUK 15:29!22; LUK 16:13!12; LUK 16:13!52
δούλη	δούλη	bondmaid; female slave	people; authority; control; serve	LUK 1:38!12; LUK 1:48!14
δοῦλος-1	δοῦλος	slave; servant	people; authority; control; serve	LUK 2:29!8; LUK 7:2!8; LUK 7:3!36; LUK 7:8!52; LUK 7:10!20; LUK 12:37!6; LUK 12:43!6; LUK 12:45!10; LUK 12:46!10; LUK 12:47!8; LUK 14:17!8; LUK 14:21!8; LUK 14:21!32; LUK 14:22!8; LUK 14:23!14; LUK 15:22!14; LUK 17:7!10; LUK 17:9!10; LUK 17:10!24; LUK 19:13!8; LUK 19:15!30; LUK 19:17!12; LUK 19:22!20; LUK 20:10!14; LUK 20:11!10; LUK 22:50!20
δόξα-1	δόξα	glory, splendor; brightness, radiance; greatness	glory	LUK 2:9!14; LUK 4:6!28; LUK 9:26!40; LUK 9:31!8; LUK 9:32!30; LUK 12:27!36; LUK 21:27!28; LUK 24:26!22
δόξα-3	δόξα	praise; honor, respect	communication; honor, respect, status	LUK 2:14!2; LUK 2:32!12; LUK 14:10!48; LUK 17:18!10; LUK 19:38!28
δραχμή	δραχμή	drachma	artifacts	LUK 15:8!8; LUK 15:8!18; LUK 15:9!28
δυνάστης	δυνάστης	ruler; court official; sovereign	people; authority	LUK 1:52!4
δύναμις-1	δύναμις	mighty work; miracle	signs and wonders	LUK 10:13!30; LUK 19:37!56
δύναμις-2	δύναμις	ability; power; ruler	strength	LUK 1:17!18; LUK 1:35!26; LUK 4:14!14; LUK 4:36!38; LUK 5:17!60; LUK 6:19!18; LUK 8:46!22; LUK 9:1!14; LUK 10:19!32; LUK 21:27!24; LUK 22:69!28; LUK 24:49!46
δῶμα	δῶμα	housetop	constructions	LUK 5:19!26; LUK 12:3!48; LUK 17:31!18
δῶρον	δῶρον	gift, offering	possession; grace	LUK 21:1!20; LUK 21:4!22
ἐγείρω	ἐγείρω	act.: raise (from the dead); pass.: be raised (from the dead)	life and death	LUK 7:22!44; LUK 9:7!36; LUK 9:22!50; LUK 20:37!6; LUK 24:6!10; LUK 24:34!8
εἰκών	εἰκών	likeness; image	artifacts	LUK 20:24!12
εἰρήνη	εἰρήνη	peace	well-being	LUK 1:79!32; LUK 2:14!16; LUK 2:29!24; LUK 7:50!26; LUK 8:48!26; LUK 10:5!18; LUK 10:6!12; LUK 10:6!22; LUK 11:21!20; LUK 12:51!6; LUK 14:32!28; LUK 19:38!24; LUK 19:42!26; LUK 24:36!26
εἰς αἰῶνα, εἰς τὸν αἰῶνα, εἰς τοὺς αἰῶνας, εἰς ἡμέραν αἰῶνος, εἰς τοὺς αἰῶνας τῶν αἰώνων, εἰς τὸν αἰῶνα τοῦ αἰῶνος, εἰς αἰῶνας αἰώνων, εἰς πάντας τοῦ αἰῶνας, τοῦ αἰῶνος τῶν αἰώνων	εἰς αἰῶνα, εἰς τὸν αἰῶνα, εἰς τοὺς αἰῶνας, εἰς ἡμέραν αἰῶνος, εἰς τοὺς αἰῶνας τῶν αἰώνων, εἰς τὸν αἰῶνα τοῦ αἰῶνος, εἰς αἰῶνας αἰώνων, εἰς πάντας τοῦ αἰῶνας, τοῦ αἰῶνος τῶν αἰώνων	always; forever; forever and ever; eternally	time	LUK 1:33!18; LUK 1:55!30
εἰσφερω	εἰσφερω	bring in, carry in; cause to, bring in to, lead to	transportation	LUK 5:18!28; LUK 5:19!10; LUK 11:4!32; LUK 12:11!6
εἶπον	εἶπον	to command, to bid, to request	communication; authority	LUK 4:3!22; LUK 7:7!18; LUK 10:40!46; LUK 12:13!18
ἑκατοντάρχης	ἑκατοντάρχης	centurion; captain	occupations	LUK 7:2!2; LUK 7:6!38; LUK 23:47!8
ἐκδικέω	ἐκδικέω	grant justice; avenge	morals and ethics	LUK 18:3!26; LUK 18:5!20
ἐκδίκησις	ἐκδίκησις	justice; vengeance; punishment	morals and ethics	LUK 18:7!16; LUK 18:8!12; LUK 21:22!6
ἐκλεκτός	ἐκλεκτός	chosen; chosen one	choice	LUK 18:7!20; LUK 23:35!48
ἐκλέγω	ἐκλέγω	choose	choice	LUK 6:13!20; LUK 9:35!28; LUK 10:42!20; LUK 14:7!22
ἐκπειράζω	ἐκπειράζω	put to the test; entrap	morals and ethics	LUK 4:12!20
ἐλαία-1	ἐλαία	olive tree	trees; fruits	LUK 19:29!28; LUK 19:37!22; LUK 21:37!38; LUK 22:39!22
ἐλεέω	ἐλεέω	have, show, or receive mercy	compassion	LUK 16:24!14; LUK 17:13!16; LUK 18:38!14; LUK 18:39!30
Ἐλιακίμ-2	Ἐλιακίμ	Eliakim	person	LUK 3:30!20
Ἐλιέζερ	Ἐλιέζερ	Eliezer	person	LUK 3:29!8
Ἐλισαῖος	Ἐλισαῖος	Elisha	person	LUK 4:27!18
Ἐλισάβετ	Ἐλισάβετ	Elizabeth	person	LUK 1:5!54; LUK 1:7!18; LUK 1:13!38; LUK 1:24!14; LUK 1:36!6; LUK 1:40!20; LUK 1:41!20; LUK 1:41!46; LUK 1:57!6
Ἐλμαδάμ	Ἐλμαδάμ	Elmadam	person	LUK 3:28!16
ἐλπίζω	ἐλπίζω	hope	hope	LUK 6:34!12; LUK 23:8!46; LUK 24:21!6
Ἐμμαοῦς	Ἐμμαοῦς	Emmaus	settlement	LUK 24:13!42
ἐντέλλομαι	ἐντέλλομαι	to command	authority	LUK 4:10!14
ἐντολή	ἐντολή	commandment, order	authority	LUK 1:6!24; LUK 15:29!30; LUK 18:20!4; LUK 23:56!28
Ἐνώς	Ἐνώς	Enos	person	LUK 3:38!4
Ἑνώχ	Ἑνώχ	Enoch	person	LUK 3:37!8
ἐξουσιάζω	ἐξουσιάζω	be in authority; rule	authority; control	LUK 22:25!26
ἐξουσία	ἐξουσία	authority; control	authority; control	LUK 4:6!18; LUK 4:32!18; LUK 4:36!34; LUK 5:24!18; LUK 7:8!14; LUK 9:1!18; LUK 10:19!10; LUK 12:5!24; LUK 12:11!26; LUK 19:17!26; LUK 20:2!20; LUK 20:2!40; LUK 20:8!24; LUK 20:20!40; LUK 22:53!48; LUK 23:7!12
ἐπαγγελία	ἐπαγγελία	a promise; agreement	communication	LUK 24:49!12
ἐπικρίνω	ἐπικρίνω	decided	court	LUK 23:24!6
ἐπιτιμάω-1	ἐπιτιμάω	to rebuke, denounce	communication; authority	LUK 9:55!6; LUK 17:3!16; LUK 18:15!28; LUK 18:39!8; LUK 19:39!24; LUK 23:40!10
ἐπιτιμάω-2	ἐπιτιμάω	to command	communication; authority	LUK 4:35!4; LUK 4:39!10; LUK 4:41!36; LUK 8:24!24; LUK 9:21!6; LUK 9:42!22
ἐπίβλημα	ἐπίβλημα	patch	artifacts; clothing	LUK 5:36!18; LUK 5:36!64
ἐρωτάω	ἐρωτάω	ask; request	communication	LUK 4:38!40; LUK 5:3!20; LUK 7:3!24; LUK 7:36!2; LUK 8:37!4; LUK 9:45!36; LUK 11:37!10; LUK 14:18!38; LUK 14:19!24; LUK 14:32!22; LUK 16:27!6; LUK 19:31!10; LUK 20:3!12; LUK 22:68!6; LUK 23:3!8
ἐσθής	ἐσθής	clothing; apparel	artifacts; clothing	LUK 23:11!28; LUK 24:4!32
Ἑσλί	Ἑσλί	Esli	person	LUK 3:25!16
Ἑσρώμ	Ἑσρώμ	Hezron	person	LUK 3:33!16
εὐαγγελίζω	εὐαγγελίζω	tell the good news; announce the gospel	communication	LUK 1:19!42; LUK 2:10!20; LUK 4:18!18; LUK 4:43!22; LUK 7:22!48; LUK 8:1!30; LUK 9:6!14; LUK 16:16!28; LUK 20:1!30
εὐθύς	εὐθύς	straight; upright	morals and ethics	LUK 3:4!36; LUK 3:5!30
εὐλογέω	εὐλογέω	bless (act.); be blessed (pass.); praise, give thanks	blessing and curse	LUK 1:42!14; LUK 1:42!24; LUK 1:64!26; LUK 2:28!18; LUK 2:34!4; LUK 6:28!2; LUK 9:16!28; LUK 13:35!36; LUK 19:38!4; LUK 24:30!24; LUK 24:50!26; LUK 24:51!10; LUK 24:53!16
εὐλογητός-1	εὐλογητός	blessed; worthy of praise	blessing and curse	LUK 1:68!2
ἐχθρός	ἐχθρός	enemy	people; hostility, strife	LUK 1:71!6; LUK 1:74!8; LUK 6:27!16; LUK 6:35!8; LUK 10:19!36; LUK 19:27!6; LUK 19:43!18; LUK 20:43!10
Ἔβερ	Ἔβερ	Eber	person	LUK 3:35!16
ἔθνος-1	ἔθνος	nation; people	people; groups	LUK 7:5!8; LUK 21:10!10; LUK 21:10!14; LUK 21:25!30; LUK 23:2!20; LUK 24:47!28
ἔθνος-2	ἔθνος	Gentiles; heathen	people; groups; association	LUK 2:32!8; LUK 12:30!10; LUK 18:32!8; LUK 21:24!18; LUK 21:24!32; LUK 21:24!42; LUK 22:25!16
ἔλαιον	ἔλαιον	olive oil	food; health; fuel; perfumes and spices	LUK 7:46!2; LUK 10:34!16; LUK 16:6!12
ἔλεος	ἔλεος	mercy	compassion	LUK 1:50!6; LUK 1:54!12; LUK 1:58!26; LUK 1:72!4; LUK 1:78!6; LUK 10:37!14
ἔνδοξος	ἔνδοξος	glorious; honorable	glory; honor, respect, status	LUK 7:25!28; LUK 13:17!36
ἔνδυμα	ἔνδυμα	clothing; apparel	artifacts; clothing	LUK 12:23!24
ἔξεστι(ν)-2	ἔξεστι(ν)	be lawful	morals and ethics; law	LUK 6:2!20; LUK 6:4!44; LUK 6:9!20; LUK 14:3!24; LUK 20:22!2
ἔριφος	ἔριφος	kid; he-goat; goat	animals	LUK 15:29!44
ἔχιδνα	ἔχιδνα	asp; cobra; viper	snakes and lizards	LUK 3:7!20
Ζακχαῖος	Ζακχαῖος	Zacchaeus	person	LUK 19:2!12; LUK 19:5!26; LUK 19:8!6
Ζαχαρίας-1	Ζαχαρίας	Zechariah	person	LUK 1:5!24; LUK 1:12!6; LUK 1:13!18; LUK 1:18!6; LUK 1:21!14; LUK 1:40!12; LUK 1:59!42; LUK 1:67!4; LUK 3:2!24
Ζαχαρίας-2	Ζαχαρίας	Zechariah	person	LUK 11:51!12
ζάω	ζάω	to live; to come back to life	life and death	LUK 2:36!30; LUK 4:4!26; LUK 10:28!18; LUK 15:13!42; LUK 15:32!28; LUK 20:38!14; LUK 20:38!22; LUK 24:5!36; LUK 24:23!32
Ζεβεδαῖος	Ζεβεδαῖος	Zebedee	person	LUK 5:10!16
ζηλωτής-2	ζηλωτής	Zealot	people; association	LUK 6:15!24
Ζοροβαβέλ	Ζοροβαβέλ	Zerubbabel	person	LUK 3:27!12
ζωή	ζωή	life	life and death	LUK 10:25!24; LUK 12:15!36; LUK 16:25!26; LUK 18:18!22; LUK 18:30!32
ζῳογονέω	ζῳογονέω	preserve; give life	life and death	LUK 17:33!28
ἡδύοσμον	ἡδύοσμον	mint	plants; food; health	LUK 11:42!18
Ἠλίας	Ἠλίας	Elijah	person	LUK 1:17!20; LUK 4:25!24; LUK 4:26!12; LUK 9:8!10; LUK 9:19!20; LUK 9:30!22; LUK 9:33!64
Ἠλί	Ἠλί	Heli	person	LUK 3:23!30
Ἡρῳδιάς	Ἡρῳδιάς	Herodias	person	LUK 3:19!20
Ἡρῴδης-1	Ἡρῴδης	Herod	person	LUK 1:5!10
Ἡρῴδης-2	Ἡρῴδης	Herod	person	LUK 3:1!36; LUK 3:19!6; LUK 3:19!46; LUK 8:3!12; LUK 9:7!6; LUK 9:9!6; LUK 13:31!30; LUK 23:7!14; LUK 23:7!24; LUK 23:8!6; LUK 23:11!12; LUK 23:12!12; LUK 23:15!6
Ἠσαΐας	Ἠσαΐας	Isaiah	person	LUK 3:4!12; LUK 4:17!14
Ἤρ	Ἤρ	Er	person	LUK 3:28!20
Θάρα	Θάρα	Terah	person	LUK 3:34!16
θεμέλιον	θεμέλιον	foundation stone	constructions	LUK 6:48!24; LUK 6:49!32; LUK 14:29!10
θεός-1	θεός	God	supernatural beings and powers; titles	LUK 1:6!14; LUK 1:8!30; LUK 1:16!20; LUK 1:19!28; LUK 1:26!26; LUK 1:30!28; LUK 1:32!26; LUK 1:35!48; LUK 1:37!12; LUK 1:47!16; LUK 1:64!30; LUK 1:68!8; LUK 1:78!8; LUK 2:13!24; LUK 2:14!8; LUK 2:20!18; LUK 2:28!22; LUK 2:38!16; LUK 2:40!22; LUK 2:52!24; LUK 3:2!16; LUK 3:6!16; LUK 3:8!46; LUK 3:38!16; LUK 4:3!20; LUK 4:8!20; LUK 4:9!40; LUK 4:12!26; LUK 4:34!36; LUK 4:41!32; LUK 4:43!34; LUK 5:1!28; LUK 5:21!48; LUK 5:25!34; LUK 5:26!16; LUK 6:4!14; LUK 6:12!40; LUK 6:20!42; LUK 7:16!16; LUK 7:16!40; LUK 7:28!34; LUK 7:29!22; LUK 7:30!20; LUK 8:1!38; LUK 8:10!24; LUK 8:11!24; LUK 8:21!36; LUK 8:28!38; LUK 8:39!24; LUK 9:2!16; LUK 9:11!32; LUK 9:20!34; LUK 9:27!42; LUK 9:43!16; LUK 9:60!36; LUK 9:62!46; LUK 10:9!32; LUK 10:11!48; LUK 10:27!16; LUK 11:20!10; LUK 11:20!34; LUK 11:28!22; LUK 11:42!48; LUK 11:49!14; LUK 12:6!32; LUK 12:8!50; LUK 12:9!26; LUK 12:20!10; LUK 12:21!16; LUK 12:24!34; LUK 12:28!30; LUK 13:13!24; LUK 13:18!18; LUK 13:20!18; LUK 13:28!50; LUK 13:29!36; LUK 14:15!34; LUK 15:10!20; LUK 16:13!50; LUK 16:15!28; LUK 16:15!54; LUK 16:16!26; LUK 17:15!28; LUK 17:18!14; LUK 17:20!22; LUK 17:20!42; LUK 17:21!24; LUK 18:2!18; LUK 18:4!30; LUK 18:7!6; LUK 18:11!18; LUK 18:13!44; LUK 18:16!48; LUK 18:17!22; LUK 18:19!32; LUK 18:24!38; LUK 18:25!30; LUK 18:27!22; LUK 18:29!52; LUK 18:43!18; LUK 18:43!36; LUK 19:11!46; LUK 19:37!42; LUK 20:21!44; LUK 20:25!28; LUK 20:25!32; LUK 20:36!24; LUK 20:37!32; LUK 20:37!38; LUK 20:37!44; LUK 20:38!2; LUK 21:31!30; LUK 22:16!32; LUK 22:18!42; LUK 22:69!32; LUK 22:70!20; LUK 23:35!44; LUK 23:40!24; LUK 23:47!18; LUK 23:51!42; LUK 24:19!50; LUK 24:53!20
Θεόφιλος	Θεόφιλος	Theophilus	person	LUK 1:3!22
θεραπεία	θεραπεία	group of servants	people; groups; serve; authority	LUK 12:42!38
θεραπεύω	θεραπεύω	heal, cure, take care of; serve, render service, help	health; well-being; serve	LUK 4:23!24; LUK 4:40!46; LUK 5:15!28; LUK 6:7!26; LUK 6:18!34; LUK 7:21!10; LUK 8:2!12; LUK 8:43!40; LUK 9:1!32; LUK 9:6!18; LUK 10:9!4; LUK 13:14!18; LUK 13:14!54; LUK 14:3!30
θησαυρός-1	θησαυρός	storeroom	constructions	LUK 6:45!14
θησαυρός-3	θησαυρός	treasure, wealth, riches	possession	LUK 12:33!26; LUK 12:34!10; LUK 18:22!40
θρόνος	θρόνος	throne	artifacts; authority	LUK 1:32!30; LUK 1:52!8; LUK 22:30!32
θυμίαμα	θυμίαμα	incense	sacrifices and offerings	LUK 1:10!26; LUK 1:11!24
θυσιαστήριον	θυσιαστήριον	altar	sacrifices and offerings	LUK 1:11!20; LUK 11:51!22
θυσία	θυσία	sacrifice; offering	sacrifices and offerings	LUK 2:24!8; LUK 13:1!40
θύρα-1	θύρα	door; gate	constructions	LUK 11:7!22; LUK 13:24!12; LUK 13:25!20; LUK 13:25!36
θύω	θύω	sacrifice	sacrifices and offerings	LUK 22:7!20
Θωμᾶς	Θωμᾶς	Thomas	person	LUK 6:15!8
Ἰακώβ-1	Ἰακώβ	Jacob	person	LUK 1:33!12; LUK 3:34!4; LUK 13:28!32; LUK 20:37!46
Ἰανναί	Ἰανναί	Jannai	person	LUK 3:24!16
Ἰάκωβος-1	Ἰάκωβος	James	person	LUK 5:10!8; LUK 6:14!24; LUK 8:51!36; LUK 9:28!32; LUK 9:54!10; LUK 24:10!22
Ἰάκωβος-3	Ἰάκωβος	James	person	LUK 6:15!12
Ἰάκωβος-5	Ἰάκωβος	James	person	LUK 6:16!6
Ἰάρετ	Ἰάρετ	Jared	person	LUK 3:37!12
Ἰάϊρος	Ἰάϊρος	Jairus	person	LUK 8:41!14
ἱερατεία	ἱερατεία	priestly office, priesthood	occupations; priesthood	LUK 1:9!10
ἱερατεύω	ἱερατεύω	serve as a priest, be a priest	occupations; priesthood	LUK 1:8!10
ἱερεύς	ἱερεύς	priest	people; occupations; priesthood; religious activities	LUK 1:5!18; LUK 5:14!24; LUK 6:4!56; LUK 10:31!8; LUK 17:14!18
Ἰεριχώ	Ἰεριχώ	Jericho	settlement	LUK 10:30!22; LUK 18:35!16; LUK 19:1!10
Ἱεροσόλυμα-1	Ἱεροσόλυμα	Jerusalem	settlement	LUK 2:22!32; LUK 2:25!12; LUK 2:38!34; LUK 2:41!18; LUK 2:43!28; LUK 2:45!12; LUK 4:9!10; LUK 5:17!56; LUK 6:17!48; LUK 9:31!26; LUK 9:51!38; LUK 9:53!24; LUK 10:30!18; LUK 13:4!54; LUK 13:22!24; LUK 13:33!34; LUK 13:34!2; LUK 13:34!4; LUK 17:11!14; LUK 18:31!22; LUK 19:11!24; LUK 19:28!16; LUK 21:20!14; LUK 21:24!24; LUK 23:7!34; LUK 23:28!18; LUK 24:13!36; LUK 24:18!24; LUK 24:33!16; LUK 24:47!34; LUK 24:52!14
ἱερός	ἱερός	temple	buildings; sanctuary	LUK 2:27!16; LUK 2:37!24; LUK 2:46!20; LUK 4:9!24; LUK 18:10!12; LUK 19:45!10; LUK 19:47!18; LUK 20:1!26; LUK 21:5!12; LUK 21:37!14; LUK 21:38!20; LUK 22:52!26; LUK 22:53!18; LUK 24:53!14
Ἰεσσαί	Ἰεσσαί	Jesse	person	LUK 3:32!4
Ἰησοῦς-1	Ἰησοῦς	Jesus	person	LUK 1:31!28; LUK 2:21!28; LUK 2:27!34; LUK 2:43!20; LUK 2:52!4; LUK 3:21!20; LUK 3:23!8; LUK 4:1!2; LUK 4:4!12; LUK 4:8!8; LUK 4:12!12; LUK 4:14!8; LUK 4:34!12; LUK 4:35!10; LUK 5:8!16; LUK 5:10!40; LUK 5:12!38; LUK 5:19!54; LUK 5:22!8; LUK 5:31!8; LUK 5:34!6; LUK 6:3!14; LUK 6:9!8; LUK 6:11!26; LUK 7:3!10; LUK 7:4!12; LUK 7:6!6; LUK 7:9!10; LUK 7:40!8; LUK 8:28!8; LUK 8:28!32; LUK 8:30!10; LUK 8:35!20; LUK 8:35!56; LUK 8:39!48; LUK 8:40!12; LUK 8:41!40; LUK 8:45!8; LUK 8:46!6; LUK 8:50!6; LUK 9:33!28; LUK 9:36!16; LUK 9:41!8; LUK 9:42!28; LUK 9:47!6; LUK 9:50!12; LUK 9:58!10; LUK 9:62!12; LUK 10:29!18; LUK 10:30!6; LUK 10:37!28; LUK 13:12!10; LUK 13:14!22; LUK 14:3!8; LUK 17:13!12; LUK 17:17!8; LUK 18:16!6; LUK 18:19!10; LUK 18:22!8; LUK 18:24!10; LUK 18:37!10; LUK 18:38!8; LUK 18:40!8; LUK 18:42!6; LUK 19:3!10; LUK 19:5!18; LUK 19:9!12; LUK 19:35!12; LUK 19:35!34; LUK 20:8!6; LUK 20:34!10; LUK 22:47!36; LUK 22:48!2; LUK 22:51!8; LUK 22:52!6; LUK 23:8!12; LUK 23:20!20; LUK 23:25!30; LUK 23:26!38; LUK 23:28!12; LUK 23:34!6; LUK 23:42!6; LUK 23:46!12; LUK 23:52!18; LUK 24:3!18; LUK 24:15!22; LUK 24:19!22
Ἰησοῦς-2	Ἰησοῦς	Joshua	person	LUK 3:29!4
ἱλάσκομαι	ἱλάσκομαι	have mercy; forgive	atone, forgive; compassion	LUK 18:13!46
ἱματισμός	ἱματισμός	clothing; apparel	artifacts; clothing	LUK 7:25!26; LUK 9:29!30
ἱμάς	ἱμάς	strap; thong	artifacts	LUK 3:16!44
ἱμάτιον-1	ἱμάτιον	clothing; apparel	artifacts; clothing	LUK 7:25!16; LUK 19:35!22; LUK 19:36!12; LUK 23:34!32
ἱμάτιον-2	ἱμάτιον	cloak; coat; robe	artifacts; clothing	LUK 5:36!22; LUK 5:36!32; LUK 6:29!34; LUK 8:27!40; LUK 8:44!14; LUK 22:36!38
Ἰορδάνης	Ἰορδάνης	Jordan River	nature	LUK 3:3!16; LUK 4:1!18
Ἰουδαία	Ἰουδαία	Judea	area	LUK 1:5!16; LUK 1:65!30; LUK 2:4!26; LUK 3:1!26; LUK 4:44!16; LUK 5:17!52; LUK 6:17!44; LUK 7:17!18; LUK 21:21!10; LUK 23:5!26
Ἰουδαῖος-2	Ἰουδαῖος	Jew	group	LUK 7:3!22; LUK 23:3!24; LUK 23:37!18; LUK 23:38!20; LUK 23:51!30
Ἰούδας-1	Ἰούδας	Judas	person	LUK 6:16!10; LUK 22:3!10; LUK 22:47!18; LUK 22:48!10
Ἰούδας-10	Ἰούδας	Judah	area	LUK 1:39!32
Ἰούδας-2	Ἰούδας	Judas	person	LUK 6:16!4
Ἰούδας-7	Ἰούδας	Judah	person	LUK 3:30!8
Ἰούδας-8	Ἰούδας	Judah	person	LUK 3:33!24
Ἰσαάκ	Ἰσαάκ	Isaac	person	LUK 3:34!8; LUK 13:28!28; LUK 20:37!40
Ἰσκαριώθ	Ἰσκαριώθ	Iscariot	person	LUK 6:16!12; LUK 22:3!16
Ἰσραήλ-2	Ἰσραήλ	Israel	group	LUK 1:16!10; LUK 1:54!4; LUK 1:68!12; LUK 1:80!38; LUK 2:25!40; LUK 2:32!18; LUK 2:34!44; LUK 4:25!30; LUK 4:27!14; LUK 7:9!40; LUK 22:30!44; LUK 24:21!22
ἰσχύω-1	ἰσχύω	have power, be strong enough to	strength	LUK 16:3!40
ἰσχύω-3	ἰσχύω	be able to, be capable of	able, capable	LUK 6:48!54; LUK 8:43!34; LUK 13:24!30; LUK 14:6!6; LUK 14:29!16; LUK 14:30!20; LUK 20:26!6
Ἰτουραῖος	Ἰτουραῖος	Ituraean	area	LUK 3:1!52
ἰχθύς	ἰχθύς	fish	fish, frogs, and mollusks	LUK 5:6!12; LUK 5:9!28; LUK 9:13!40; LUK 9:16!18; LUK 11:11!20; LUK 11:11!26; LUK 24:42!10
Ἰωανάν	Ἰωανάν	Joanan	person	LUK 3:27!4
Ἰωάννα	Ἰωάννα	Joanna	person	LUK 8:3!4; LUK 24:10!14
Ἰωάννης-1	Ἰωάννης	John	person	LUK 1:13!56; LUK 1:60!20; LUK 1:63!12; LUK 3:2!20; LUK 3:15!28; LUK 3:16!10; LUK 3:20!18; LUK 5:33!16; LUK 7:18!6; LUK 7:18!36; LUK 7:20!16; LUK 7:22!14; LUK 7:24!10; LUK 7:24!24; LUK 7:28!14; LUK 7:29!30; LUK 7:33!6; LUK 9:7!34; LUK 9:9!8; LUK 9:19!10; LUK 11:1!52; LUK 16:16!14; LUK 20:4!6; LUK 20:6!28
Ἰωάννης-2	Ἰωάννης	John	person	LUK 5:10!12; LUK 6:14!28; LUK 8:51!32; LUK 9:28!28; LUK 9:49!6; LUK 9:54!14; LUK 22:8!10
Ἰωβήδ	Ἰωβήδ	Obed	person	LUK 3:32!8
Ἰωδά	Ἰωδά	Joda	person	LUK 3:26!20
Ἰωνάμ	Ἰωνάμ	Jonam	person	LUK 3:30!16
Ἰωνᾶς	Ἰωνᾶς	Jonah	person	LUK 11:29!48; LUK 11:30!8; LUK 11:32!38; LUK 11:32!46
Ἰωρίμ	Ἰωρίμ	Jorim	person	LUK 3:29!12
Ἰωσήφ-2	Ἰωσήφ	Joseph	person	LUK 1:27!14; LUK 2:4!8; LUK 2:16!22; LUK 3:23!26; LUK 4:22!46
Ἰωσήφ-3	Ἰωσήφ	Joseph	person	LUK 23:50!10
Ἰωσήφ-8	Ἰωσήφ	Joseph	person	LUK 3:24!20; LUK 3:30!12
Ἰωσήχ	Ἰωσήχ	Josech	person	LUK 3:26!16
Καϊάφας	Καϊάφας	Caiaphas	person	LUK 3:2!10
καθαρισμός	καθαρισμός	cleansing; purification	clean, pure, holy	LUK 2:22!14; LUK 5:14!34
καθαρίζω	καθαρίζω	cleanse; be cleansed; purify, be purified	clean, pure, holy	LUK 4:27!30; LUK 5:12!62; LUK 5:13!18; LUK 7:22!34; LUK 11:39!36; LUK 17:14!32; LUK 17:17!18
καθαρός	καθαρός	clean; pure, innocent	clean, pure, holy	LUK 11:41!18
Καῖσαρ	Καῖσαρ	Caesar; the Emperor	titles	LUK 2:1!20; LUK 3:1!16; LUK 20:22!6; LUK 20:24!24; LUK 20:25!18; LUK 20:25!20; LUK 23:2!30
καλος	καλος	honest; good	morals and ethics	LUK 8:15!10; LUK 8:15!24
Καϊνάμ-1	Καϊνάμ	Cainan	person	LUK 3:36!4
Καϊνάμ-2	Καϊνάμ	Cainan	person	LUK 3:37!20
καρδία	καρδία	heart, inner self, mind	attitudes and emotions; intellect; psychological faculties	LUK 1:17!24; LUK 1:51!18; LUK 1:66!16; LUK 2:19!24; LUK 2:35!28; LUK 2:51!46; LUK 3:15!20; LUK 5:22!32; LUK 6:45!18; LUK 6:45!50; LUK 8:12!38; LUK 8:15!22; LUK 9:47!16; LUK 10:27!26; LUK 12:34!20; LUK 12:45!18; LUK 16:15!34; LUK 21:14!10; LUK 21:34!16; LUK 24:25!22; LUK 24:32!14; LUK 24:38!28
καταδικάζω	καταδικάζω	condemn	court	LUK 6:37!20
καταπέτασμα	καταπέτασμα	drape; curtain; veil	artifacts; furnishings	LUK 23:45!14
κατασκηνόω	κατασκηνόω	to nest	artifacts	LUK 13:19!46
κατασκήνωσις	κατασκήνωσις	nest	artifacts	LUK 9:58!30
κατάλυμα-1	κατάλυμα	inn	constructions; buildings	LUK 2:7!46
κατάλυμα-2	κατάλυμα	room; quarters; dining room	constructions; buildings	LUK 22:11!28
Καφαρναούμ	Καφαρναούμ	Capernaum	settlement	LUK 4:23!38; LUK 4:31!8; LUK 7:1!28; LUK 10:15!6
κάλαμος-1	κάλαμος	reed	grasses	LUK 7:24!38
κάμηλος	κάμηλος	camel	mammals	LUK 18:25!8
κάρφος	κάρφος	speck; splinter	parts	LUK 6:41!10; LUK 6:42!22; LUK 6:42!78
κενός	κενός	empty; emptyhanded; to no purpose; without result; foolish; senseless	purpose	LUK 1:53!14; LUK 20:10!44; LUK 20:11!26
κεράμιον	κεράμιον	jar; vessel	artifacts; household	LUK 22:10!28
κεράτιον	κεράτιον	carob pod	trees; fruits	LUK 15:16!12
κέραμος	κέραμος	tile; roof tile	artifacts; buildings	LUK 5:19!32
κηρύσσω	κηρύσσω	proclaim, announce	communication	LUK 3:3!18; LUK 4:18!26; LUK 4:19!2; LUK 4:44!6; LUK 8:1!26; LUK 8:39!38; LUK 9:2!8; LUK 12:3!42; LUK 24:47!4
κήρυγμα	κήρυγμα	proclamation, preaching	communication	LUK 11:32!36
κιβωτός-1	κιβωτός	boat; ship; the ark	artifacts; transportation	LUK 17:27!24
κλάδος	κλάδος	branch	parts	LUK 13:19!52
κλείς	κλείς	key	artifacts	LUK 11:52!16
Κλεοπᾶς	Κλεοπᾶς	Cleopas	person	LUK 24:18!10
κλινίδιον	κλινίδιον	cot; pallet; stretcher	artifacts; furnishings	LUK 5:19!42; LUK 5:24!50
κλίβανος	κλίβανος	oven	constructions; food	LUK 12:28!24
κλίνη	κλίνη	bed; couch; cot; stretcher; bier	artifacts; furnishings	LUK 5:18!12; LUK 8:16!20; LUK 17:34!18
κοινωνός	κοινωνός	partner; partaker; sharer	people; fellowship; association	LUK 5:10!22
κόκκος	κόκκος	seed	agriculture	LUK 13:19!6; LUK 17:6!18
κόραξ	κόραξ	raven	birds	LUK 12:24!6
κόσμος	κόσμος	world	universe	LUK 9:25!14; LUK 11:50!24; LUK 12:30!14
κόφινος	κόφινος	large basket	artifacts; containers	LUK 9:17!24
κράσπεδον-1	κράσπεδον	fringe	artifacts; clothing	LUK 8:44!10
κριτής	κριτής	judge	people; occupations; court; law	LUK 11:19!38; LUK 12:14!18; LUK 12:58!46; LUK 12:58!52; LUK 18:2!4; LUK 18:6!16
κρίμα	κρίμα	judgment, verdict; condemnation	court; guilt, responsibility; repay, reward, punish	LUK 20:47!28; LUK 23:40!34; LUK 24:20!24
κρίνον	κρίνον	wild flower	plants	LUK 12:27!6
κρίνω-1	κρίνω	to rule, govern	authority	LUK 22:30!40
κρίνω-2	κρίνω	to judge; be judged (pass.); sue; decide; esteem; be considered (pass.)	intellect; choice	LUK 6:37!6; LUK 6:37!14; LUK 7:43!30; LUK 12:57!14; LUK 19:22!14
κρίσις-1	κρίσις	judgment, decision; accusation, condemnation	court; guilt, responsibility; repay, reward, punish	LUK 10:14!18; LUK 11:31!12; LUK 11:32!12
κρίσις-2	κρίσις	justice, fairness	morals and ethics; repay, reward, punish	LUK 11:42!38
κτήνος	κτήνος	beast of burden; riding animal; cattle	mammals; domestic animals	LUK 10:34!34
Κυρηναῖος	Κυρηναῖος	Cyrenian	group	LUK 23:26!16
Κυρήνιος	Κυρήνιος	Quirinius	person	LUK 2:2!16
κύριος	κύριος	master, owner, lord, Lord	people; authority	LUK 1:6!32; LUK 1:9!28; LUK 1:11!10; LUK 1:15!12; LUK 1:16!16; LUK 1:17!44; LUK 1:25!10; LUK 1:28!18; LUK 1:32!22; LUK 1:38!14; LUK 1:43!20; LUK 1:45!24; LUK 1:46!18; LUK 1:58!22; LUK 1:66!40; LUK 1:68!4; LUK 1:76!22; LUK 2:9!6; LUK 2:9!16; LUK 2:11!18; LUK 2:15!60; LUK 2:22!38; LUK 2:23!10; LUK 2:23!26; LUK 2:24!22; LUK 2:26!38; LUK 2:39!18; LUK 3:4!34; LUK 4:8!16; LUK 4:12!22; LUK 4:18!4; LUK 4:19!6; LUK 5:8!34; LUK 5:12!52; LUK 5:17!62; LUK 6:5!8; LUK 6:46!10; LUK 6:46!12; LUK 7:6!44; LUK 7:13!10; LUK 7:19!8; LUK 9:54!18; LUK 9:59!20; LUK 9:61!14; LUK 10:1!12; LUK 10:2!32; LUK 10:17!18; LUK 10:21!32; LUK 10:27!12; LUK 10:39!28; LUK 10:40!22; LUK 10:41!12; LUK 11:1!40; LUK 11:39!8; LUK 12:36!14; LUK 12:37!16; LUK 12:41!10; LUK 12:42!8; LUK 12:42!32; LUK 12:43!16; LUK 12:45!26; LUK 12:46!6; LUK 12:47!20; LUK 13:8!12; LUK 13:15!10; LUK 13:23!10; LUK 13:25!40; LUK 13:35!46; LUK 14:21!14; LUK 14:22!10; LUK 14:23!8; LUK 16:3!22; LUK 16:5!16; LUK 16:5!32; LUK 16:8!8; LUK 16:13!10; LUK 17:5!12; LUK 17:6!8; LUK 17:37!12; LUK 18:6!8; LUK 18:41!16; LUK 19:8!14; LUK 19:8!28; LUK 19:16!12; LUK 19:18!18; LUK 19:20!12; LUK 19:25!8; LUK 19:31!26; LUK 19:33!16; LUK 19:34!12; LUK 19:38!18; LUK 20:13!8; LUK 20:15!26; LUK 20:37!28; LUK 20:42!18; LUK 20:42!22; LUK 20:44!6; LUK 22:33!10; LUK 22:38!8; LUK 22:49!18; LUK 22:61!8; LUK 22:61!30; LUK 24:3!16; LUK 24:34!12
κύων	κύων	dog	mammals; domestic animals	LUK 16:21!30
Κωσάμ	Κωσάμ	Cosam	person	LUK 3:28!12
λαός	λαός	nation, people	people; groups	LUK 2:31!14
λατρεύω	λατρεύω	serve; worship	authority; worship	LUK 1:74!12; LUK 2:37!32; LUK 4:8!32
Λάζαρος-2	Λάζαρος	Lazarus	person	LUK 16:20!10; LUK 16:23!34; LUK 16:24!22; LUK 16:25!32
Λάμεχ	Λάμεχ	Lamech	person	LUK 3:36!20
λάχανον	λάχανον	garden plant	agriculture; food	LUK 11:42!30
Λεγιών	Λεγιών	Legion	supernatural beings and powers	LUK 8:30!26
λειτουργία	λειτουργία	service; priestly service; divine service	authority; worship; serve	LUK 1:23!16
λεπρός	λεπρός	leper; leprous	people; health; diseases	LUK 4:27!6; LUK 7:22!32; LUK 17:12!20
λεπτόν	λεπτόν	lepton; tiny coin	artifacts; money	LUK 12:59!22; LUK 21:2!16
Λευί-1	Λευί	Levi	person	LUK 5:27!18; LUK 5:29!10
Λευί-3	Λευί	Levi	person	LUK 3:24!8
Λευί-4	Λευί	Levi	person	LUK 3:29!20
Λευίτης	Λευίτης	Levite	group; priesthood	LUK 10:32!8
λέπρα	λέπρα	leprosy	health; diseases	LUK 5:13!26
Λυσανίας	Λυσανίας	Lysanias	person	LUK 3:1!62
λυτρόω	λυτρόω	redeem	help, protect, save	LUK 24:21!18
λυχνία	λυχνία	lampstand	artifacts; furnishings	LUK 8:16!28; LUK 11:33!28
λύκος	λύκος	wolf	mammals; wild animals	LUK 10:3!18
λύτρωσις	λύτρωσις	redemption, deliverance, liberation	help, protect, save	LUK 1:68!22; LUK 2:38!32
λύχνος	λύχνος	lamp	artifacts	LUK 8:16!6; LUK 11:33!4; LUK 11:34!4; LUK 11:36!38; LUK 12:35!16; LUK 15:8!26
Λώτ	Λώτ	Lot	person	LUK 17:28!14; LUK 17:29!10; LUK 17:32!8
Μαγδαληνή	Μαγδαληνή	Magdalene	person	LUK 8:2!30; LUK 24:10!8
μαθητής	μαθητής	disciple	teaching; people	LUK 5:30!22; LUK 5:33!14; LUK 6:1!24; LUK 6:13!14; LUK 6:17!24; LUK 6:20!18; LUK 6:40!6; LUK 7:11!30; LUK 7:18!10; LUK 7:18!30; LUK 8:9!10; LUK 8:22!28; LUK 9:14!20; LUK 9:16!42; LUK 9:18!26; LUK 9:40!8; LUK 9:43!38; LUK 9:54!8; LUK 10:23!10; LUK 11:1!32; LUK 11:1!58; LUK 12:1!30; LUK 12:22!10; LUK 14:26!74; LUK 14:27!30; LUK 14:33!34; LUK 16:1!12; LUK 17:1!10; LUK 17:22!10; LUK 18:15!26; LUK 19:29!36; LUK 19:37!34; LUK 19:39!28; LUK 20:45!16; LUK 22:11!40; LUK 22:39!34; LUK 22:45!18
Μαθθαῖος	Μαθθαῖος	Matthew	person	LUK 6:15!4
Μαθθάτ-1	Μαθθάτ	Matthat	person	LUK 3:24!4
Μαθθάτ-2	Μαθθάτ	Matthat	person	LUK 3:29!16
Μαθουσαλά	Μαθουσαλά	Methuselah	person	LUK 3:37!4
μακαρίζω	μακαρίζω	regard as happy, consider blessed, call blessed	attitudes and emotions; well-being; blessing and curse	LUK 1:48!28
μακάριος	μακάριος	happy, blessed; blessed one	attitudes and emotions; well-being; blessing and curse	LUK 1:45!4; LUK 6:20!24; LUK 6:21!2; LUK 6:21!14; LUK 6:22!2; LUK 7:23!4; LUK 10:23!18; LUK 11:27!34; LUK 11:28!10; LUK 12:37!2; LUK 12:38!28; LUK 12:43!2; LUK 14:14!4; LUK 14:15!18; LUK 23:29!16
Μαλελεήλ	Μαλελεήλ	Mahalaleel	person	LUK 3:37!16
Μαρία-1	Μαρία	Mary	person	LUK 1:27!32; LUK 1:30!16; LUK 1:34!6; LUK 1:38!6; LUK 1:39!6; LUK 1:41!16; LUK 1:46!6; LUK 1:56!6; LUK 2:5!6; LUK 2:16!16; LUK 2:19!6; LUK 2:34!16
Μαρία-2	Μαρία	Mary	person	LUK 10:39!12; LUK 10:42!10
Μαρία-3	Μαρία	Mary	person	LUK 8:2!24; LUK 24:10!10
Μαρία-4	Μαρία	Mary	person	LUK 24:10!18
μαρτυρέω	μαρτυρέω	bear witness; testify; be a witness; attest; affirm; confirm	communication; truth	LUK 4:22!6
μαρτυρία	μαρτυρία	testimony, witness, evidence; reputation	communication; truth	LUK 22:71!14
μαρτύριον	μαρτύριον	testimony; witness; evidence; proof; opportunity to testify	communication; truth	LUK 5:14!46; LUK 9:5!40; LUK 21:13!8
Ματταθά	Ματταθά	Mattatha	person	LUK 3:31!12
Ματταθίας-1	Ματταθίας	Mattathias	person	LUK 3:25!4
Ματταθίας-2	Ματταθίας	Mattathias	person	LUK 3:26!8
Μάαθ	Μάαθ	Maath	person	LUK 3:26!4
Μάρθα	Μάρθα	Martha	person	LUK 10:38!30; LUK 10:40!6; LUK 10:41!14; LUK 10:41!16
μάρτυς	μάρτυς	witness; martyr	communication; truth; people; violence, harm, destroy, kill	LUK 11:48!4; LUK 24:48!4
Μελεά	Μελεά	Melea	person	LUK 3:31!4
Μελχί-1	Μελχί	Melchi	person	LUK 3:24!12
Μελχί-2	Μελχί	Melchi	person	LUK 3:28!4
Μεννά	Μεννά	Menna	person	LUK 3:31!8
μεριστης	μεριστης	arbitrator	people; conflict; law	LUK 12:14!22
μετανοέω	μετανοέω	repent	attitudes and emotions; atone, forgive	LUK 10:13!54; LUK 11:32!30; LUK 13:3!14; LUK 13:5!14; LUK 15:7!26; LUK 15:10!28; LUK 16:30!30; LUK 17:3!24; LUK 17:4!30
μετάνοια	μετάνοια	repentance	attitudes and emotions; atone, forgive	LUK 3:3!22; LUK 3:8!12; LUK 5:32!16; LUK 15:7!46; LUK 24:47!14
μέτοχος	μέτοχος	partner; companion; partaker	people; fellowship	LUK 5:7!8
μίσθιος	μίσθιος	hired worker; hired person	authority; people; serve	LUK 15:17!14; LUK 15:19!24
μνᾶ	μνᾶ	quantity of money; one hundred denarii	artifacts; money	LUK 19:13!18; LUK 19:16!16; LUK 19:16!24; LUK 19:18!14; LUK 19:18!24; LUK 19:20!18; LUK 19:24!18; LUK 19:24!30; LUK 19:25!14
μνημεῖον	μνημεῖον	monument; memorial	constructions; honor, respect, status	LUK 11:44!14; LUK 11:47!12; LUK 23:55!28; LUK 24:2!16; LUK 24:9!10; LUK 24:12!16; LUK 24:22!26; LUK 24:24!18
μνηστεύω	μνηστεύω	be engaged (pass.)	marriage	LUK 1:27!6; LUK 2:5!10
μνῆμα	μνῆμα	grave; tomb	constructions	LUK 8:27!58; LUK 23:53!20; LUK 24:1!20
μοιχεύω	μοιχεύω	commit adultery	marriage; morals and ethics	LUK 16:18!20; LUK 16:18!34; LUK 18:20!10
μοιχός	μοιχός	adulterer	people; marriage; morals and ethics	LUK 18:11!44
μόδιος	μόδιος	basket; box	artifacts; containers	LUK 11:33!20
μόσχος	μόσχος	calf	mammals; domestic animals	LUK 15:23!8; LUK 15:27!32; LUK 15:30!38
μυλικός	μυλικός	of a mill	constructions; food	LUK 17:2!10
μύρον	μύρον	perfume; perfumed oil	artifacts; perfumes and spices	LUK 7:37!42; LUK 7:38!62; LUK 7:46!18; LUK 23:56!12
Μωϋσῆς	Μωϋσῆς	Moses	person	LUK 2:22!24; LUK 5:14!42; LUK 9:30!18; LUK 9:33!58; LUK 16:29!10; LUK 16:31!10; LUK 20:28!6; LUK 20:37!14; LUK 24:27!8; LUK 24:44!52
Ναασσών	Ναασσών	Nahshon	person	LUK 3:32!20
Ναγγαί	Ναγγαί	Naggai	person	LUK 3:25!20
Ναζαρά	Ναζαρά	Nazareth	settlement	LUK 1:26!40; LUK 2:4!20; LUK 2:39!34; LUK 2:51!16; LUK 4:16!8
Ναζαρηνός	Ναζαρηνός	Nazarene	group	LUK 4:34!14; LUK 24:19!26
Ναζωραῖος	Ναζωραῖος	Nazarene	group	LUK 18:37!14
Ναθάμ	Ναθάμ	Nathan	person	LUK 3:31!16
Ναιμάν	Ναιμάν	Naaman	person	LUK 4:27!36
Ναΐν	Ναΐν	Nain	settlement	LUK 7:11!20
Ναούμ	Ναούμ	Nahum	person	LUK 3:25!12
ναός-1	ναός	temple; sanctuary	buildings; sanctuary	LUK 1:9!24; LUK 1:21!30; LUK 1:22!28; LUK 23:45!18
Ναχώρ	Ναχώρ	Nahor	person	LUK 3:34!20
Νηρί	Νηρί	Neri	person	LUK 3:27!20
νηστεία	νηστεία	fasting; fast	religious activities	LUK 2:37!26
νηστεύω	νηστεύω	fast	religious activities	LUK 5:33!18; LUK 5:34!42; LUK 5:35!24; LUK 18:12!2
Νινευίτης	Νινευίτης	Ninevite	group	LUK 11:30!12; LUK 11:32!4
νομικός	νομικός	teacher of the law; lawyer	people; occupations; teaching; law; morals and ethics	LUK 7:30!12; LUK 10:25!6; LUK 11:45!10; LUK 11:46!14; LUK 11:52!8; LUK 14:3!16
νομοδιδάσκαλος	νομοδιδάσκαλος	teacher of the law; expert in the law	people; occupations; teaching; law; morals and ethics	LUK 5:17!32
νοσσιά	νοσσιά	young birds, nestlings	birds	LUK 13:34!48
νόμος	νόμος	law; Law (of Moses)	morals and ethics	LUK 2:22!22; LUK 2:23!8; LUK 2:24!20; LUK 2:27!50; LUK 2:39!16; LUK 10:26!16; LUK 16:16!4; LUK 16:17!24; LUK 24:44!50
νυμφών	νυμφών	wedding hall	constructions; buildings; marriage	LUK 5:34!24
Νῶε	Νῶε	Noah	person	LUK 3:36!16; LUK 17:26!14; LUK 17:27!18
ξύλον-2	ξύλον	firewood	fuel	LUK 23:31!12
ξύλον-4	ξύλον	club	weapons	LUK 22:52!46
ὁδός-1	ὁδός	(metaphorical) way to live, path	morals and ethics; behavior	LUK 20:21!40
ὀθόνιον	ὀθόνιον	linen cloth	artifacts; cloth	LUK 24:12!26
ὀικέτης	ὀικέτης	slave; household servant	people; household; authority; serve	LUK 16:13!4
οἰκία	οἰκία	house; home; dwelling; residence	constructions; buildings	LUK 4:38!18; LUK 5:29!18; LUK 6:48!10; LUK 6:48!46; LUK 6:49!22; LUK 6:49!58; LUK 7:6!30; LUK 7:37!32; LUK 7:44!34; LUK 8:27!46; LUK 8:51!10; LUK 9:4!10; LUK 10:5!12; LUK 10:7!10; LUK 10:7!46; LUK 10:7!50; LUK 15:8!34; LUK 15:25!30; LUK 17:31!32; LUK 18:29!26; LUK 20:47!8; LUK 22:10!42; LUK 22:11!12; LUK 22:54!18
οἰκονομία	οἰκονομία	stewardship	authority	LUK 16:2!30; LUK 16:3!30; LUK 16:4!18
οἰκονόμος	οἰκονόμος	manager, steward, treasurer	people; occupations; authority	LUK 12:42!20; LUK 16:1!26; LUK 16:3!12; LUK 16:8!12
οἰκος τοῦ θεοῦ	οἰκος τοῦ θεοῦ	house (of God)	buildings; sanctuary	LUK 6:4!10; LUK 11:51!28; LUK 19:46!14; LUK 19:46!18
οἰκουμένη	οἰκουμένη	world; inhabited earth; inhabited world	universe	LUK 2:1!30; LUK 4:5!20; LUK 21:26!20
οἰκτίρμων	οἰκτίρμων	compassionate; merciful	compassion	LUK 6:36!4; LUK 6:36!16
οἶνος	οἶνος	wine	artifacts; food	LUK 1:15!16; LUK 5:37!30; LUK 7:33!22; LUK 10:34!20
οἶνος νέος	οἶνος νέος	new wine; grape juice	artifacts; food	LUK 5:37!8; LUK 5:38!4
ὀλιγοπιστος	ὀλιγοπιστος	having little faith	faith	LUK 12:28!42
ὁσιότης	ὁσιότης	holiness; sanctity	clean, pure, holy	LUK 1:75!4
οὐαί	οὐαί	disaster; horror	mourning	LUK 6:24!4; LUK 6:25!2; LUK 6:25!16; LUK 6:26!2; LUK 10:13!2; LUK 10:13!8; LUK 11:42!4; LUK 11:43!2; LUK 11:44!2; LUK 11:46!16; LUK 11:47!2; LUK 11:52!2; LUK 17:1!30; LUK 21:23!2; LUK 22:22!24
οὐρανός	οὐρανός	heaven; sky	universe	LUK 2:15!18; LUK 3:21!32; LUK 3:22!32; LUK 4:25!38; LUK 6:23!32; LUK 8:5!52; LUK 9:16!26; LUK 9:54!32; LUK 9:58!28; LUK 10:15!12; LUK 10:18!22; LUK 10:20!40; LUK 10:21!36; LUK 11:13!38; LUK 11:16!12; LUK 12:33!34; LUK 12:56!16; LUK 13:19!44; LUK 15:7!16; LUK 15:18!28; LUK 15:21!20; LUK 16:17!10; LUK 17:24!20; LUK 17:24!28; LUK 17:29!26; LUK 18:13!28; LUK 18:22!46; LUK 19:38!22; LUK 20:4!10; LUK 20:5!22; LUK 21:11!30; LUK 21:26!30; LUK 21:33!4; LUK 22:43!12; LUK 24:51!30
οὐράνιος	οὐράνιος	heavenly	universe	LUK 2:13!18
ὀφειλέτης-2	ὀφειλέτης	sinner, offender	people; morals and ethics; obligation	LUK 13:4!38
ὀφείλω-1	ὀφείλω	owe	finance	LUK 7:41!16; LUK 16:5!28; LUK 16:7!14
ὀφείλω-2	ὀφείλω	ought; must; be obligated; be bound (to an oath)	obligation	LUK 17:10!32
ὀφείλω-3	ὀφείλω	sin against; wrong	morals and ethics	LUK 11:4!24
ὄνομα	ὄνομα	name; person, people; category of, being of the type that...	person	LUK 1:5!22; LUK 1:5!50; LUK 1:13!52; LUK 1:26!38; LUK 1:27!12; LUK 1:27!26; LUK 1:31!24; LUK 1:49!20; LUK 1:59!34; LUK 1:61!30; LUK 1:63!16; LUK 2:21!24; LUK 2:25!16; LUK 5:27!16; LUK 6:22!34; LUK 8:30!16; LUK 8:41!12; LUK 9:48!24; LUK 9:49!20; LUK 10:17!34; LUK 10:20!30; LUK 10:38!28; LUK 11:2!20; LUK 13:35!44; LUK 16:20!8; LUK 19:2!8; LUK 19:38!16; LUK 21:8!24; LUK 21:12!52; LUK 21:17!16; LUK 23:50!8; LUK 24:13!40; LUK 24:18!8; LUK 24:47!10
ὄνος	ὄνος	donkey; ass	mammals; domestic animals	LUK 13:15!40
ὄξος	ὄξος	sour wine, wine vinegar	artifacts; food	LUK 23:36!16
ὅρκος	ὅρκος	oath	covenant	LUK 1:73!2
ὄρνις	ὄρνις	bird	birds	LUK 13:34!42
ὄφις	ὄφις	snake	snakes and lizards	LUK 10:19!18; LUK 11:11!28
παγίς	παγίς	trap; snare	artifacts; hunting and fishing	LUK 21:35!4
παιδίσκη	παιδίσκη	maid; maidservant; woman servant; servant girl	people; household; authority; serve	LUK 12:45!46; LUK 22:56!8
παῖς-1	παῖς	child	people; household	LUK 2:43!24; LUK 8:51!46; LUK 8:54!20; LUK 9:42!44
παῖς-2	παῖς	servant; man servant	people; household; authority; serve	LUK 1:54!6; LUK 1:69!18; LUK 7:7!28; LUK 12:45!40; LUK 15:26!10
πανδοχεῖον	πανδοχεῖον	inn	constructions; buildings	LUK 10:34!42
πανδοχεύς	πανδοχεύς	innkeeper; manager of a hotel	constructions; people	LUK 10:35!20
πανοπλία	πανοπλία	weapons and armor	artifacts; weapons	LUK 11:22!18
παραβολή	παραβολή	parable, allegory, figure of speech	communication; symbols	LUK 4:23!18; LUK 5:36!8; LUK 6:39!8; LUK 8:4!28; LUK 8:9!22; LUK 8:10!34; LUK 8:11!10; LUK 12:16!6; LUK 12:41!18; LUK 13:6!10; LUK 14:7!12; LUK 15:3!12; LUK 18:1!6; LUK 18:9!36; LUK 19:11!14; LUK 20:9!16; LUK 20:19!56; LUK 21:29!6
παρακαλέω-1	παρακαλέω	ask for (earnestly); request; plead for; appeal to	communication	LUK 3:18!12; LUK 7:4!14; LUK 8:31!4; LUK 8:32!24; LUK 8:41!42; LUK 15:28!24
παρακαλέω-2	παρακαλέω	encourage; console	communication; confidence	LUK 16:25!46
παρατήρησις	παρατήρησις	observation	senses	LUK 17:20!46
παράδεισος	παράδεισος	paradise	universe	LUK 23:43!26
παράκλησις-2	παράκλησις	encouragement	communication; confidence	LUK 2:25!36; LUK 6:24!18
παρθένος	παρθένος	virgin, maiden, young woman	people; household; marriage	LUK 1:27!4; LUK 1:27!30
πατήρ	πατήρ	Father	supernatural beings and powers; titles; kinship	LUK 2:49!30; LUK 6:36!12; LUK 9:26!48; LUK 10:21!30; LUK 10:21!70; LUK 10:22!12; LUK 10:22!36; LUK 10:22!46; LUK 11:2!14; LUK 11:13!32; LUK 12:30!24; LUK 12:32!18; LUK 22:29!16; LUK 22:42!4; LUK 23:34!10; LUK 23:46!16; LUK 24:49!16
πάσχα-1	πάσχα	Passover	calendar; festivals	LUK 2:41!26; LUK 22:1!18; LUK 22:8!22; LUK 22:11!34; LUK 22:13!20; LUK 22:15!18
πάσχα-2	πάσχα	Passover lamb	animals	LUK 22:7!24
πειρασμός	πειρασμός	temptation	morals and ethics	LUK 4:13!8; LUK 8:13!52; LUK 11:4!38; LUK 22:40!24; LUK 22:46!24
πειράζω-1	πειράζω	tempt	morals and ethics	LUK 4:2!6
πείθω-1	πείθω	persuade; convince	communication; truth	LUK 16:31!34
πείθω-2	πείθω	rely on; trust in; depend on; have (complete) confidence in; confidence; trust	truth; faith	LUK 11:22!28; LUK 18:9!14; LUK 20:6!22
περιστερά	περιστερά	dove; pigeon	birds	LUK 2:24!34; LUK 3:22!20
περιτέμνω	περιτέμνω	circumcise	religious activities; association	LUK 1:59!18; LUK 2:21!14
πετεινόν	πετεινόν	bird	birds	LUK 8:5!48; LUK 9:58!24; LUK 12:24!50; LUK 13:19!40
πέδη	πέδη	fetter; shackle	artifacts; prison	LUK 8:29!40
Πέτρος	Πέτρος	Peter	person	LUK 5:8!8; LUK 6:14!10; LUK 8:45!28; LUK 8:51!28; LUK 9:20!20; LUK 9:28!24; LUK 9:32!6; LUK 9:33!22; LUK 12:41!8; LUK 18:28!8; LUK 22:8!6; LUK 22:34!12; LUK 22:54!28; LUK 22:55!24; LUK 22:58!30; LUK 22:60!8; LUK 22:61!14; LUK 22:61!22; LUK 24:12!6
πήγανον	πήγανον	rue	food	LUK 11:42!24
πήρα	πήρα	travellers bag	artifacts; containers	LUK 9:3!26; LUK 10:4!10; LUK 22:35!20; LUK 22:36!24
Πιλᾶτος	Πιλᾶτος	Pilate	person	LUK 3:1!22; LUK 13:1!32; LUK 23:1!22; LUK 23:3!6; LUK 23:4!6; LUK 23:6!2; LUK 23:11!38; LUK 23:12!18; LUK 23:13!2; LUK 23:20!8; LUK 23:24!4; LUK 23:52!8
πινακίδιον	πινακίδιον	tablet	artifacts; writing	LUK 1:63!6
πιστεύω	πιστεύω	believe; entrust; be entrusted with (pass.)	faith	LUK 1:20!34; LUK 1:45!8; LUK 8:12!46; LUK 8:13!44; LUK 8:50!20; LUK 16:11!28; LUK 20:5!32; LUK 22:67!34; LUK 24:25!26
πιστός	πιστός	faithful, trustworthy; believer, believing	faith	LUK 12:42!18; LUK 16:10!4; LUK 16:10!16; LUK 16:11!14; LUK 16:12!12; LUK 19:17!20
πίναξ	πίναξ	plate, platter	artifacts; container; food	LUK 11:39!34
πίστις-1	πίστις	faith; belief; pledge; fidelity	faith	LUK 5:20!8; LUK 7:9!44; LUK 7:50!14; LUK 8:25!12; LUK 8:48!14; LUK 17:5!18; LUK 17:6!14; LUK 17:19!14; LUK 18:8!38; LUK 18:42!16; LUK 22:32!20
πληρόω-2	πληρόω	to cause to happen; to make happen; to fulfill	happen	LUK 1:20!44; LUK 4:21!16; LUK 9:31!22; LUK 22:16!22; LUK 24:44!38
πλοῖον	πλοῖον	boat; ship	artifacts; transportation	LUK 5:2!8; LUK 5:3!12; LUK 5:3!42; LUK 5:7!16; LUK 5:7!38; LUK 5:11!8; LUK 8:22!22; LUK 8:37!44
πνευμα ἀκαθαρτος	πνευμα ἀκαθαρτος	unclean spirit	supernatural beings and powers	LUK 4:36!46; LUK 6:18!30; LUK 8:29!8; LUK 9:42!32; LUK 11:24!8
πνεῦμα-1	πνεῦμα	Spirit (of God)	supernatural beings and powers; titles	LUK 2:27!10; LUK 4:1!28; LUK 4:14!18; LUK 4:18!2
πνεῦμα-2	πνεῦμα	spirit; demon, evil spirit	supernatural beings and powers	LUK 4:33!16; LUK 9:39!6; LUK 10:20!16; LUK 11:26!12; LUK 13:11!8
πνεῦμα-3	πνεῦμα	(a person's) spirit	psychological faculties	LUK 1:17!14; LUK 1:47!8; LUK 1:80!14; LUK 8:55!8; LUK 23:46!28; LUK 24:37!14; LUK 24:39!36
πνεῦμα ἅγιον	πνεῦμα ἅγιον	Holy Spirit	supernatural beings and powers; titles	LUK 1:15!30; LUK 1:35!14; LUK 1:41!40; LUK 1:67!14; LUK 2:25!44; LUK 2:26!14; LUK 3:16!60; LUK 3:22!8; LUK 4:1!8; LUK 10:21!16; LUK 11:13!42; LUK 12:10!36; LUK 12:12!8
πνεῦμα πονηρόν	πνεῦμα πονηρόν	evil spirit	supernatural beings and powers	LUK 7:21!24; LUK 8:2!16
ποίμνη	ποίμνη	flock	mammals; domestic animals	LUK 2:8!34
ποίμνιον	ποίμνιον	people who are like a flock	animals; people; groups	LUK 12:32!10
πορφύρα	πορφύρα	purple cloth	artifacts; cloth	LUK 16:19!16
Πόντιος	Πόντιος	Pontius	person	LUK 3:1!20
πρεσβυτέριον	πρεσβυτέριον	council of elders	people; authority; honor, respect, status	LUK 22:66!14
πρεσβύτερος	πρεσβύτερος	elder	people; authority; honor, respect, status	LUK 7:3!18; LUK 9:22!28; LUK 15:25!14; LUK 20:1!48; LUK 22:52!30
προσευχή	προσευχή	prayer	communication; prayer	LUK 6:12!36; LUK 19:46!20; LUK 22:45!10
προσεύχομαι	προσεύχομαι	pray	communication; prayer	LUK 1:10!16; LUK 3:21!26; LUK 5:16!18; LUK 6:12!24; LUK 6:28!10; LUK 9:18!14; LUK 9:28!42; LUK 9:29!10; LUK 11:1!20; LUK 11:1!46; LUK 11:2!10; LUK 18:1!18; LUK 18:10!14; LUK 18:11!14; LUK 20:47!20; LUK 22:40!16; LUK 22:41!26; LUK 22:44!12; LUK 22:46!14
προσκυνέω	προσκυνέω	bow down; worship	worship	LUK 4:7!8; LUK 4:8!24; LUK 24:52!6
προσφέρω	προσφέρω	offer sacrifice; make an offering	sacrifices and offerings	LUK 5:14!28
προφητεύω	προφητεύω	to prophesy	prophecy, vision	LUK 1:67!20; LUK 22:64!12
προφήτης	προφήτης	prophet	people; communication; prophecy, vision	LUK 1:70!18; LUK 1:76!10; LUK 3:4!16; LUK 4:17!12; LUK 4:24!16; LUK 4:27!22; LUK 6:23!46; LUK 7:16!22; LUK 7:26!10; LUK 7:26!22; LUK 7:39!30; LUK 9:8!20; LUK 9:19!28; LUK 10:24!12; LUK 11:47!16; LUK 11:49!24; LUK 11:50!14; LUK 13:28!40; LUK 13:33!28; LUK 13:34!12; LUK 16:16!10; LUK 16:29!16; LUK 16:31!16; LUK 18:31!38; LUK 20:6!30; LUK 24:19!34; LUK 24:25!38; LUK 24:27!18; LUK 24:44!58
προφῆτις	προφῆτις	prophetess	people; communication; prophecy, vision	LUK 2:36!8
πρόβατον	πρόβατον	sheep	mammals; domestic animals	LUK 15:4!14; LUK 15:6!38
πτερύγιον	πτερύγιον	pinnacle; summit (of the Temple)	constructions	LUK 4:9!20
πτύον	πτύον	winnowing shovel	artifacts	LUK 3:17!6
πυλών-1	πυλών	gateway; entrance; vestibule	constructions	LUK 16:20!18
πύργος	πύργος	tower; watchtower	constructions	LUK 13:4!18; LUK 14:28!12
πῶλος	πῶλος	foal; colt	mammals; domestic animals	LUK 19:30!22; LUK 19:33!10; LUK 19:33!30; LUK 19:35!28
Ῥαγαύ	Ῥαγαύ	Reu	person	LUK 3:35!8
ῥάβδος-1	ῥάβδος	stick; rod	artifacts; tools; animal husbandry	LUK 9:3!22
Ῥησά	Ῥησά	Rhesa	person	LUK 3:27!8
ῥῆμα	ῥῆμα	word, saying; message, statement	communication	LUK 1:37!16; LUK 1:38!24; LUK 1:65!38; LUK 2:15!48; LUK 2:17!12; LUK 2:19!14; LUK 2:29!18; LUK 2:50!12; LUK 2:51!40; LUK 3:2!14; LUK 5:5!30; LUK 7:1!10; LUK 9:45!10; LUK 9:45!44; LUK 18:34!18; LUK 20:26!12; LUK 22:61!26; LUK 24:8!8; LUK 24:11!16
ῥίζα	ῥίζα	root	parts	LUK 3:9!16; LUK 8:13!32
ῥύομαι	ῥύομαι	deliver; rescue	help, protect, save	LUK 1:74!10
Σαδδουκαῖος	Σαδδουκαῖος	Sadducee	group	LUK 20:27!10
Σαλαθιήλ	Σαλαθιήλ	Shealtiel	person	LUK 3:27!16
Σαλά-1	Σαλά	Sala; Salmon	person	LUK 3:32!16
Σαλά-2	Σαλά	Sala	person	LUK 3:35!20
Σαμαρίτης	Σαμαρίτης	Samaritan; person from Samaria	group	LUK 9:52!24; LUK 10:33!2; LUK 17:16!28
Σαμάρεια-1	Σαμάρεια	Samaria	area	LUK 17:11!26
Σατανᾶς	Σατανᾶς	Satan	supernatural beings and powers	LUK 10:18!12; LUK 11:18!10; LUK 13:16!18; LUK 22:3!6; LUK 22:31!10
σάββατον-1	σάββατον	Sabbath, Saturday	calendar	LUK 4:16!36; LUK 4:31!28; LUK 6:1!8; LUK 6:2!24; LUK 6:5!14; LUK 6:6!10; LUK 6:7!24; LUK 6:9!24; LUK 13:10!20; LUK 13:14!16; LUK 13:14!66; LUK 13:15!24; LUK 13:16!50; LUK 14:1!28; LUK 14:3!28; LUK 14:5!42; LUK 23:54!12; LUK 23:56!20
σάββατον-2	σάββατον	week	calendar	LUK 18:12!8; LUK 24:1!10
σάκκος	σάκκος	sackcloth	artifacts; cloth; clothing; mourning	LUK 10:13!46
Σάρεπτα	Σάρεπτα	Zarephath	settlement	LUK 4:26!20
σάρξ	σάρξ	flesh; body, physical body; people, human being; physical nature, human; human nature; life	body; parts	LUK 3:6!8; LUK 24:39!38
Σεμεΐν	Σεμεΐν	Semein	person	LUK 3:26!12
Σερούχ	Σερούχ	Serug	person	LUK 3:35!4
σημεῖον	σημεῖον	sign	signs and wonders; symbols	LUK 2:12!10; LUK 2:34!50; LUK 11:16!8; LUK 11:29!26; LUK 11:29!32; LUK 11:29!46; LUK 11:30!14; LUK 21:7!26; LUK 21:11!32; LUK 21:25!6; LUK 23:8!50
Σήθ	Σήθ	Seth	person	LUK 3:38!8
Σήμ	Σήμ	Shem	person	LUK 3:36!12
σής	σής	moth	insects, spiders, and worms	LUK 12:33!46
Σιδώνιος-2	Σιδώνιος	from Sidon	area	LUK 4:26!24
Σιδών	Σιδών	Sidon	settlement	LUK 6:17!60; LUK 10:13!24; LUK 10:14!8
Σιλωάμ	Σιλωάμ	Siloam	constructions; water	LUK 13:4!24
σινδών	σινδών	linen cloth	artifacts; cloth	LUK 23:53!10
σίκερα	σίκερα	beer	artifacts; food	LUK 1:15!20
Σίμων-1	Σίμων	Simon	person	LUK 4:38!20; LUK 4:38!28; LUK 5:3!18; LUK 5:4!16; LUK 5:5!6; LUK 5:8!6; LUK 5:10!26; LUK 5:10!36; LUK 6:14!2; LUK 22:31!2; LUK 22:31!4; LUK 24:34!18
Σίμων-2	Σίμων	Simon	person	LUK 6:15!18
Σίμων-4	Σίμων	Simon	person	LUK 23:26!12
Σίμων-9	Σίμων	Simon	person	LUK 7:40!16; LUK 7:43!4; LUK 7:44!14
σίναπι	σίναπι	mustard plant	agriculture; food	LUK 13:19!8; LUK 17:6!20
σῖτος	σῖτος	grain; wheat	agriculture; food	LUK 3:17!30; LUK 12:18!34; LUK 16:7!26; LUK 22:31!24
σκανδαλίζω	σκανδαλίζω	cause to stumble; cause to sin	morals and ethics	LUK 17:2!36
σκάνδαλον	σκάνδαλον	stumbling block, temptation to sin; offenses, offensive thing	morals and ethics	LUK 17:1!22
σκηνή-1	σκηνή	tent	constructions	LUK 9:33!46
σκηνή-3	σκηνή	tent; tabernacle tent	constructions	LUK 16:9!42
σκορπίος	σκορπίος	scorpion	insects, spiders, and worms	LUK 10:19!22; LUK 11:12!14
Σολομών	Σολομών	Solomon	person	LUK 11:31!52; LUK 11:31!60; LUK 12:27!28
σορός	σορός	bier	artifacts; life and death	LUK 7:14!10
σουδάριον	σουδάριον	towel; napkin; handkerchief; face cloth	artifacts; cloth	LUK 19:20!30
Σουσάννα	Σουσάννα	Susanna	person	LUK 8:3!16
Σόδομα	Σόδομα	Sodom	settlement	LUK 10:12!8; LUK 17:29!14
σπλαγχνίζομαι	σπλαγχνίζομαι	feel sympathy; feel compassion	attitudes and emotions; compassion	LUK 7:13!12; LUK 10:33!20; LUK 15:20!38
σπλάγχνον	σπλάγχνον	affection	attitudes and emotions; compassion	LUK 1:78!4
σπουδή-1	σπουδή	haste	attitudes and emotions	LUK 1:39!26
σπόρος	σπόρος	seed	agriculture	LUK 8:5!14; LUK 8:11!14
σταυρός	σταυρός	cross	repay, reward, punish	LUK 9:23!32; LUK 14:27!10; LUK 23:26!30
σταυρόω	σταυρόω	crucify	repay, reward, punish	LUK 23:21!10; LUK 23:21!12; LUK 23:23!16; LUK 23:33!22; LUK 24:7!28; LUK 24:20!30
σταφυλή	σταφυλή	grape; bunch of grapes	fruits	LUK 6:44!36
στάχυς	στάχυς	ear of wheat; head of wheat	agriculture; food	LUK 6:1!34
στέγη	στέγη	roof	constructions; buildings	LUK 7:6!64
στολή	στολή	long robe	artifacts; clothing	LUK 15:22!22; LUK 20:46!18
στρουθίον	στρουθίον	sparrow	birds	LUK 12:6!6; LUK 12:7!26
συκάμινος	συκάμινος	mulberry tree	trees; fruits	LUK 17:6!28
συκῆ	συκῆ	fig tree	trees; fruits	LUK 13:6!12; LUK 13:7!32; LUK 21:29!14
συκομορέα	συκομορέα	sycamore-fig tree	trees	LUK 19:4!16
Συμεών-3	Συμεών	Simeon	person	LUK 2:25!18; LUK 2:34!8
Συμεών-5	Συμεών	Simeon; Simon	person	LUK 3:30!4
συναγωγή	συναγωγή	synagogue or Christian assembly place	constructions; buildings; religious activities	LUK 4:15!12; LUK 4:16!42; LUK 4:20!30; LUK 4:28!14; LUK 4:33!8; LUK 4:38!10; LUK 4:44!12; LUK 6:6!20; LUK 7:5!16; LUK 8:41!24; LUK 11:43!22; LUK 12:11!14; LUK 13:10!14; LUK 20:46!40; LUK 21:12!32
Συρία	Συρία	Syria	area	LUK 2:2!14
Σύρος	Σύρος	Syrian	group	LUK 4:27!40
σῦκον	σῦκον	fig	fruits	LUK 6:44!28
σωματικός	σωματικός	in body; bodily	body	LUK 3:22!14
σωτηρία	σωτηρία	salvation	help, protect, save; well-being; security	LUK 1:69!8; LUK 1:71!2; LUK 1:77!8; LUK 19:9!18
σωτήρ	σωτήρ	savior	people; help, protect, save; well-being; security	LUK 1:47!20; LUK 2:11!10
σωτήριον	σωτήριον	salvation	help, protect, save; well-being	LUK 2:30!14; LUK 3:6!12
σῶμα	σῶμα	body	body	LUK 11:34!8; LUK 11:34!36; LUK 11:34!56; LUK 11:36!8; LUK 12:4!26; LUK 12:22!38; LUK 12:23!20; LUK 17:37!26; LUK 22:19!26; LUK 23:52!14; LUK 23:55!38; LUK 24:3!12; LUK 24:23!10
σῴζω	σῴζω	save; heal	help, protect, save; well-being; security	LUK 6:9!34; LUK 7:50!18; LUK 8:12!48; LUK 8:36!14; LUK 8:48!18; LUK 8:50!24; LUK 9:24!16; LUK 9:24!42; LUK 13:23!18; LUK 17:19!18; LUK 18:26!16; LUK 18:42!20; LUK 19:10!18; LUK 23:35!26; LUK 23:35!28; LUK 23:37!20; LUK 23:39!28
ταμεῖον-1	ταμεῖον	inner room	constructions	LUK 12:3!40
ταμεῖον-2	ταμεῖον	storeroom; treasure room	constructions	LUK 12:24!24
τελώνης	τελώνης	tax-collector	tax; people	LUK 3:12!8; LUK 5:27!14; LUK 5:29!30; LUK 5:30!36; LUK 7:29!16; LUK 7:34!34; LUK 15:1!14; LUK 18:10!28; LUK 18:11!56; LUK 18:13!6
τελώνιον	τελώνιον	tax office	tax	LUK 5:27!26
Τιβέριος	Τιβέριος	Tiberius	person	LUK 3:1!14
Τραχωνῖτις	Τραχωνῖτις	Trachonitis	area	LUK 3:1!56
τρῆμα	τρῆμα	hole	artifacts	LUK 18:25!12
τρυγών	τρυγών	turtle dove	birds	LUK 2:24!26
Τύρος	Τύρος	Tyre	settlement	LUK 6:17!56; LUK 10:13!20; LUK 10:14!4
υἱὸς τοῦ ἀνθρώπου	υἱὸς τοῦ ἀνθρώπου	Son of Man	supernatural beings and powers; titles	LUK 5:24!12; LUK 6:5!18; LUK 6:22!46; LUK 7:34!6; LUK 9:22!10; LUK 9:26!24; LUK 9:44!24; LUK 9:58!36; LUK 11:30!24; LUK 12:8!30; LUK 12:10!16; LUK 12:40!22; LUK 17:22!28; LUK 17:24!38; LUK 17:26!30; LUK 17:30!16; LUK 18:8!24; LUK 18:31!42; LUK 19:10!8; LUK 21:27!10; LUK 21:36!38; LUK 22:22!6; LUK 22:48!16; LUK 22:69!14; LUK 24:7!6
υἱὸς τοῦ θεοῦ	υἱὸς τοῦ θεοῦ	Son of God	supernatural beings and powers; titles	LUK 1:32!10; LUK 1:35!46; LUK 3:22!42; LUK 4:3!14; LUK 4:9!34; LUK 4:41!28; LUK 8:28!34; LUK 9:35!22; LUK 10:22!28; LUK 10:22!54; LUK 10:22!66; LUK 22:70!16
ὑπηρέτης	ὑπηρέτης	official; servant; attendant	people; serve; authority	LUK 1:2!18; LUK 4:20!14
ὑποκριτής	ὑποκριτής	hypocrite	people; behavior; truth	LUK 6:42!52; LUK 12:56!2; LUK 13:15!16
ὑποκρίνομαι	ὑποκρίνομαι	pretend	truth	LUK 20:20!10
ὑποπόδιον	ὑποπόδιον	footstool	artifacts; furnishings	LUK 20:43!14
ὑπόδημα	ὑπόδημα	sandal; shoe	artifacts; clothing	LUK 3:16!48; LUK 10:4!14; LUK 15:22!50; LUK 22:35!24
ὑπόκρισις	ὑπόκρισις	hypocrisy	truth	LUK 12:1!50
ὕψιστος-1	ὕψιστος	highest	size	LUK 2:14!6; LUK 19:38!32
ὕψιστος-2	ὕψιστος	Most High	supernatural beings and powers; titles	LUK 1:32!12; LUK 1:35!28; LUK 1:76!12; LUK 6:35!42; LUK 8:28!42
ὕψος	ὕψος	height	size	LUK 1:78!24; LUK 24:49!44
Φανουήλ	Φανουήλ	Phanuel	person	LUK 2:36!12
Φαρισαῖος	Φαρισαῖος	Pharisee	group	LUK 5:17!28; LUK 5:21!16; LUK 5:30!8; LUK 5:33!36; LUK 6:2!8; LUK 6:7!16; LUK 7:30!6; LUK 7:36!12; LUK 7:36!34; LUK 7:37!36; LUK 7:39!8; LUK 11:37!14; LUK 11:38!6; LUK 11:39!20; LUK 11:42!10; LUK 11:43!8; LUK 11:53!18; LUK 12:1!54; LUK 13:31!14; LUK 14:1!26; LUK 14:3!20; LUK 15:2!10; LUK 16:14!12; LUK 17:20!10; LUK 18:10!20; LUK 18:11!4; LUK 19:39!8
Φάλεκ	Φάλεκ	Peleg	person	LUK 3:35!12
Φάρες	Φάρες	Perez	person	LUK 3:33!20
φάτνη-1	φάτνη	feed box; manger; crib	constructions; animal husbandry	LUK 2:7!30; LUK 2:12!24; LUK 2:16!36
φάτνη-2	φάτνη	stall	constructions; animal husbandry	LUK 13:15!46
φιλάργυρος	φιλάργυρος	loving wealth; lover of money	affection; money; wealth; people; morals and ethics	LUK 16:14!14
φιλέω	φιλέω	love; be fond of	affection	LUK 20:46!22
Φίλιππος-1	Φίλιππος	Philip	person	LUK 6:14!32
Φίλιππος-2	Φίλιππος	Philip	person	LUK 3:1!38
φίλος	φίλος	friend	people; affection	LUK 7:6!34; LUK 7:34!32; LUK 11:5!18; LUK 11:5!36; LUK 11:6!4; LUK 11:8!24; LUK 12:4!10; LUK 14:10!36; LUK 14:12!30; LUK 15:6!16; LUK 15:9!10; LUK 15:29!52; LUK 16:9!14; LUK 21:16!22; LUK 23:12!6
φοβέω-1	φοβέω	fear; be afraid	confidence	LUK 1:13!16; LUK 1:30!14; LUK 2:9!24; LUK 2:10!14; LUK 5:10!44; LUK 8:25!16; LUK 8:35!60; LUK 8:50!16; LUK 9:34!20; LUK 9:45!34; LUK 12:4!16; LUK 12:5!10; LUK 12:5!12; LUK 12:5!42; LUK 12:7!22; LUK 12:32!4; LUK 19:21!2; LUK 20:19!36; LUK 22:2!24; LUK 23:40!18
φοβέω-2	φοβέω	fear; worship; reverence (God)	confidence; worship; honor, respect, status	LUK 1:50!20; LUK 18:2!22; LUK 18:4!34
φόβητρον	φόβητρον	dreadful event or sight	confidence	LUK 21:11!22
φόβος-1	φόβος	fear; terror	confidence	LUK 1:12!12; LUK 1:65!10; LUK 2:9!26; LUK 5:26!22; LUK 7:16!6; LUK 8:37!30; LUK 21:26!8
φόρος	φόρος	tribute tax	tax; authority	LUK 20:22!8; LUK 23:2!28
φραγμός	φραγμός	fence; wall	constructions	LUK 14:23!26
φυλακή-1	φυλακή	jail; prison	constructions	LUK 3:20!22; LUK 12:58!74; LUK 21:12!36; LUK 22:33!24; LUK 23:19!30; LUK 23:25!20
φυλακή-3	φυλακή	watch; a fourth of the night		LUK 2:8!24; LUK 12:38!18
φυλάσσω φυλακάς	φυλάσσω φυλακάς	to guard against; to keep under watch; to watch over	help, protect, save	LUK 2:8!24
χαρά-1	χαρά	joy; gladness; great happiness	grace	LUK 1:14!6; LUK 8:13!20; LUK 10:17!14; LUK 15:7!10; LUK 15:10!10; LUK 24:41!14; LUK 24:52!18
χαρά-2	χαρά	cause of joy; reason for gladness	grace	LUK 2:10!24
χαριτόω	χαριτόω	show kindness towards	grace	LUK 1:28!14
χαρίζομαι	χαρίζομαι	grant; forgive; hand over; give freely; be restored	possession; grace; atone, forgive	LUK 7:21!34; LUK 7:42!12; LUK 7:43!18
χάραξ	χάραξ	palisade; barricade	constructions	LUK 19:43!22
χάρις-1	χάρις	favor, grace, kindness; gracious	grace	LUK 1:30!22; LUK 2:40!20; LUK 2:52!20; LUK 4:22!22
χάρις-3	χάρις	thanks, thanksgiving, gratitude, credit	communication	LUK 6:32!18; LUK 6:33!20; LUK 6:34!20; LUK 17:9!6
χιτών-1	χιτών	tunic; shirt	artifacts; clothing	LUK 3:11!16; LUK 6:29!40; LUK 9:3!42
χοῖρος	χοῖρος	pig	mammals; domestic animals	LUK 8:32!10; LUK 8:33!22; LUK 15:15!36; LUK 15:16!20
Χοραζίν	Χοραζίν	Chorazin	settlement	LUK 10:13!6
Χουζᾶς	Χουζᾶς	Chuza	person	LUK 8:3!8
χόρτος-1	χόρτος	small plants; grass	grasses	LUK 12:28!12
χρηστός	χρηστός	good; kind; easy	morals and ethics	LUK 5:39!22; LUK 6:35!48
χρῆμα	χρῆμα	money (normally a reference to actual coins)	artifacts; money	LUK 18:24!26
Χριστός-2	Χριστός	Christ	titles; person	LUK 2:11!16; LUK 2:26!36; LUK 3:15!38; LUK 4:41!52; LUK 9:20!30; LUK 20:41!16; LUK 22:67!12; LUK 23:2!40; LUK 23:35!40; LUK 23:39!26; LUK 24:26!12; LUK 24:46!18
χρίω	χρίω	anoint, assign, appoint	anoint	LUK 4:18!14
ψευδοπροφήτης	ψευδοπροφήτης	false prophet	people; communication; prophecy, vision; truth	LUK 6:26!30
ψυχή-1	ψυχή	life	life and death	LUK 6:9!32; LUK 9:24!12; LUK 9:24!32; LUK 12:22!28; LUK 12:23!6; LUK 14:26!62; LUK 17:33!10
ψυχή-2	ψυχή	inner self, mind, thoughts, feelings, heart, being, soul	psychological faculties	LUK 1:46!12; LUK 2:35!12; LUK 10:27!38; LUK 12:19!8; LUK 12:19!12; LUK 12:20!22; LUK 21:19!14
